name,type,breed,color,sex,size,date_of_birth,impound_number,kennel_number,id,intake_date,outcome_date,days_in_shelter,intake_type,intake_subtype,outcome_type,outcome_subtype,intake_condition,outcome_condition,intake_jurisdiction,outcome_jurisdiction,zip_code,location,intake_total,source_row_number,stay_days,observed_days,exclusion_reason,long_stay_30,label_source
DIESEL,DOG,PIT BULL/MIX,TAN/WHITE,Neutered,MED,2018-05-25T00:00:00.000,K23-044194,DS82,A380094,2023-03-26T00:00:00.000,2023-03-26T00:00:00.000,0,STRAY,FIELD,RETURN TO OWNER,FLD_MCHIP,UNKNOWN,PENDING,SANTA ROSA,SANTA ROSA,95401.0,"
,  95401
(38.44366, -122.7246163)",1,474,0.0,1268,Same animal and intake date: review needed,,
DIESEL,DOG,PIT BULL/MIX,TAN/WHITE,Neutered,MED,2018-05-25T00:00:00.000,K23-044211,DA27,A380094,2023-03-26T00:00:00.000,2023-05-04T00:00:00.000,39,OWNER SURRENDER,FIELD,EUTHANIZE,AGGRESSIVE,UNKNOWN,UNTREATABLE,SANTA ROSA,,,,1,477,39.0,1268,Same animal and intake date: review needed,,
OYNX,CAT,DOMESTIC SH,BLACK,Neutered,SMALL,2019-11-18T00:00:00.000,K23-046848,CS05,A403597,2023-11-18T00:00:00.000,2023-11-21T00:00:00.000,3,STRAY,OVER THE COUNTER,RETURN TO OWNER,OVER THE COUNTER_MCHIP,UNKNOWN,PENDING,COUNTY,SANTA ROSA,95409.0,"
,  95409
(38.46382, -122.67058)",1,2306,3.0,1031,Same animal and intake date: review needed,,
OYNX,CAT,DOMESTIC SH,BLACK,Neutered,SMALL,2019-11-18T00:00:00.000,K23-046874,CA02,A403597,2023-11-18T00:00:00.000,2023-12-28T00:00:00.000,40,OWNER SURRENDER,OVER THE COUNTER,TRANSFER,HSSC,HEALTHY,HEALTHY,SANTA ROSA,COUNTY,95448.0,"
,  95448
(38.613965, -122.869825)",1,2308,40.0,1031,Same animal and intake date: review needed,,
OSO,DOG,CHIHUAHUA SH,BLACK,Neutered,TOY,2011-11-02T00:00:00.000,K24-049051,TRUCK,A314863,2024-07-06T00:00:00.000,2024-07-06T00:00:00.000,0,STRAY,FLD_STRAY,RETURN TO OWNER,FLD_MCHIP,UNKNOWN,HEALTHY,COUNTY,COUNTY,95476.0,"
,  95476
(38.295408, -122.4710575)",1,3908,0.0,800,Same animal and intake date: review needed,,
OSO,DOG,CHIHUAHUA SH,BLACK,Neutered,TOY,2011-11-02T00:00:00.000,K24-049052,TRUCK,A314863,2024-07-06T00:00:00.000,2024-07-06T00:00:00.000,0,STRAY,FLD_STRAY,RETURN TO OWNER,FLD_MCHIP,UNKNOWN,HEALTHY,COUNTY,COUNTY,95476.0,"
,  95476
(38.295408, -122.4710575)",1,3909,0.0,800,Same animal and intake date: review needed,,
,CAT,DOMESTIC SH,BLACK/WHITE,Spayed,SMALL,2016-03-17T00:00:00.000,K24-049787,TRUCK,A429062,2024-09-17T00:00:00.000,2024-09-17T00:00:00.000,0,STRAY,FLD_STRAY,DISPOSAL,DOA,UNKNOWN,DEAD,SANTA ROSA,,,,1,4491,0.0,727,Same animal and intake date: review needed,,
,CAT,DOMESTIC SH,BLACK/WHITE,Spayed,SMALL,2016-03-17T00:00:00.000,K24-049788,COOLER,A429062,2024-09-17T00:00:00.000,2024-09-17T00:00:00.000,0,STRAY,FLD_STRAY,DISPOSAL,DOA,UNKNOWN,DEAD,SANTA ROSA,,,,1,4492,0.0,727,Same animal and intake date: review needed,,
CALI,DOG,PIT BULL,BR BRINDLE,Spayed,LARGE,2011-10-04T00:00:00.000,K24-050384,CS04,A302341,2024-11-19T00:00:00.000,2024-11-22T00:00:00.000,3,STRAY,FLD_STRAY,EUTHANIZE,CON SEVERE,UNKNOWN,UNTREATABLE,SANTA ROSA,,,,1,4944,3.0,664,Same animal and intake date: review needed,,
CALI,DOG,PIT BULL,BR BRINDLE,Spayed,LARGE,2011-10-04T00:00:00.000,K24-050645,FREEZER,A302341,2024-11-19T00:00:00.000,2025-01-25T00:00:00.000,67,STRAY,FLD_STRAY,RETURN TO OWNER,OVER THE COUNTER_PRVS,UNKNOWN,DEAD,SANTA ROSA,SANTA ROSA,95407.0,"
,  95407
(38.41483, -122.72707)",1,4948,67.0,664,Same animal and intake date: review needed,,
*MAC,DOG,ALASK MALAMUTE/MIX,BLACK/WHITE,Neutered,LARGE,2020-11-20T00:00:00.000,K25-051146,DA16,A429180,2025-02-13T00:00:00.000,2025-02-21T00:00:00.000,8,ADOPTION RETURN,OVER THE COUNTER,ADOPTION,SCAS WEB,UNKNOWN,PENDING,OUT OF COUNTY,COUNTY,95472.0,"
,  95472
(38.40179, -122.82512)",1,5507,8.0,578,Same animal and intake date: review needed,,
*MAC,DOG,ALASK MALAMUTE/MIX,BLACK/WHITE,Neutered,LARGE,2020-11-20T00:00:00.000,K25-051231,EUTH,A429180,2025-02-13T00:00:00.000,2025-02-22T00:00:00.000,9,ADOPTION RETURN,OVER THE COUNTER,EUTHANIZE,AGGRESSIVE,UNKNOWN,UNTREATABLE,COUNTY,,,,1,5511,9.0,578,Same animal and intake date: review needed,,
NALA,DOG,PIT BULL/MIX,TAN/WHITE,Female,MED,2022-02-15T00:00:00.000,K25-051161,DS71,A432037,2025-02-15T00:00:00.000,2025-02-15T00:00:00.000,0,STRAY,OVER THE COUNTER,RETURN TO OWNER,FB OTHER,UNKNOWN,PENDING,SANTA ROSA,SANTA ROSA,95407.0,"
,  95407
(38.41483, -122.72707)",1,5520,0.0,576,Same animal and intake date: review needed,,
NALA,DOG,PIT BULL/MIX,TAN/WHITE,Female,MED,2022-02-15T00:00:00.000,K25-051167,DQ118,A432037,2025-02-15T00:00:00.000,2025-02-26T00:00:00.000,11,QUARANTINE,OVER THE COUNTER,EUTHANIZE,AGGRESSIVE,UNKNOWN,UNTREATABLE,SANTA ROSA,SANTA ROSA,95407.0,"
,  95407
(38.41483, -122.72707)",1,5525,11.0,576,Same animal and intake date: review needed,,
,OTHER,GOAT,WHITE/BROWN,Female,MED,,K25-053421,AUC YARD,A436754,2025-09-13T00:00:00.000,2026-09-28T00:00:00.000,380,STRAY,FIELD,TRANSFER,PETALUMA A,UNKNOWN,HEALTHY,COUNTY,,,,1,7207,380.0,366,Outcome after observation date,,
GORDA,DOG,GERM SHEPHERD,BLACK/BROWN,Female,MED,2024-09-29T00:00:00.000,K25-053897,DS79,A437176,2025-10-27T00:00:00.000,2025-10-31T00:00:00.000,4,STRAY,FIELD,RETURN TO OWNER,OVER THE COUNTER_CALL,HEALTHY,HEALTHY,COUNTY,COUNTY,95425.0,"
,  95425
(38.80627, -123.01783)",1,7549,4.0,322,Same animal and intake date: review needed,,
GORDA,DOG,GERM SHEPHERD,BLACK/BROWN,Female,MED,2024-09-29T00:00:00.000,K25-054482,TRUCK,A437176,2025-10-27T00:00:00.000,2025-10-31T00:00:00.000,4,STRAY,FIELD,RETURN TO OWNER,FLD_PRVS,HEALTHY,HEALTHY,COUNTY,COUNTY,95425.0,"
,  95425
(38.80627, -123.01783)",1,7551,4.0,322,Same animal and intake date: review needed,,
ROXY,DOG,DOBERMAN PINSCH,BLACK/TAN,Female,LARGE,,K25-054144,TRUCK,A438291,2025-11-20T00:00:00.000,2025-11-20T00:00:00.000,0,CONFISCATE,FLD_ARREST,,,UNKNOWN,,COUNTY,COUNTY,95425.0,"
,  95425
(38.80627, -123.01783)",1,7715,0.0,298,Only one outcome field is recorded,,
OTTER,DOG,GOLDEN RETR/POODLE STND,BLACK,Neutered,MED,2025-04-04T00:00:00.000,K25-054452,DS88,A438874,2025-12-23T00:00:00.000,2025-12-24T00:00:00.000,1,OWNER SURRENDER,FIELD,TRANSFER,DOGWOOD,HEALTHY,HEALTHY,COUNTY,SANTA ROSA,95403.0,"
,  95403
(38.51311, -122.75502)",0,7957,1.0,265,Same animal and intake date: review needed,,
OTTER,DOG,GOLDEN RETR/POODLE STND,BLACK,Neutered,MED,2025-04-04T00:00:00.000,K26-054676,DA07,A438874,2025-12-23T00:00:00.000,2026-02-05T00:00:00.000,44,OWNER SURRENDER,FIELD,ADOPTION,WALKIN,HEALTHY,HEALTHY,COUNTY,HEALDSBURG,95448.0,"
,  95448
(38.61064, -122.86883)",0,7966,44.0,265,Same animal and intake date: review needed,,
TOGO,DOG,GERM SHEPHERD,BLACK/TAN,Neutered,LARGE,2020-04-02T00:00:00.000,K26-054709,TRUCK,A439345,2026-01-18T00:00:00.000,2026-01-18T00:00:00.000,0,CONFISCATE,FLD_HOSPTL,RETURN TO OWNER,FLD_MCHIP,UNKNOWN,HEALTHY,SANTA ROSA,SANTA ROSA,95403.0,"
,  95403
(38.51311, -122.75502)",1,8153,0.0,239,Same animal and intake date: review needed,,
TOGO,DOG,GERM SHEPHERD,BLACK/TAN,Neutered,LARGE,2020-04-02T00:00:00.000,K26-054710,DS88,A439345,2026-01-18T00:00:00.000,2026-01-29T00:00:00.000,11,CONFISCATE,FLD_HOSPTL,RETURN TO OWNER,OVER THE COUNTER_LETTER,UNKNOWN,PENDING,SANTA ROSA,SANTA ROSA,95404.0,"
,  95404
(38.43807, -122.71247)",1,8154,11.0,239,Same animal and intake date: review needed,,
,OTHER,CHICKEN/BROWN,BROWN,Male,SMALL,2023-07-16T00:00:00.000,K26-056491,LS02,A443094,2026-07-16T00:00:00.000,2026-08-01T00:00:00.000,16,STRAY,FIELD,TRANSFER,WESTFARM,UNKNOWN,HEALTHY,SANTA ROSA,SANTA ROSA,95401.0,"
,  95401
(38.45663, -122.72292)",1,9419,16.0,60,Same animal and intake date: review needed,,
,OTHER,CHICKEN/BROWN,BROWN,Male,SMALL,2023-07-16T00:00:00.000,K26-056655,LS02,A443094,2026-07-16T00:00:00.000,2026-08-21T00:00:00.000,36,STRAY,FIELD,TRANSFER,WESTFARM,UNKNOWN,HEALTHY,SANTA ROSA,SANTA ROSA,95401.0,"
,  95401
(38.44348, -122.72377)",1,9423,36.0,60,Same animal and intake date: review needed,,
,OTHER,GOAT,WHITE/BROWN,Male,MED,,K26-056834,TRUCK,A443742,2026-08-14T00:00:00.000,2026-08-14T00:00:00.000,0,STRAY,FIELD,RETURN TO OWNER,FB OTHER,UNKNOWN,HEALTHY,SANTA ROSA,SANTA ROSA,95407.0,"
,  95407
(38.41483, -122.72707)",1,9678,0.0,31,Same animal and intake date: review needed,,
,OTHER,GOAT,WHITE/BROWN,Male,MED,,K26-056835,TRUCK,A443742,2026-08-14T00:00:00.000,2026-08-14T00:00:00.000,0,STRAY,FIELD,RETURN TO OWNER,FB OTHER,UNKNOWN,HEALTHY,SANTA ROSA,SANTA ROSA,95407.0,"
,  95407
(38.41483, -122.72707)",1,9679,0.0,31,Same animal and intake date: review needed,,
ESTRELLA,DOG,SIBERIAN HUSKY,BLACK/WHITE,Female,MED,2022-04-05T00:00:00.000,K26-056855,DS86,A413513,2026-08-15T00:00:00.000,2026-08-15T00:00:00.000,0,STRAY,OVER THE COUNTER,RETURN TO OWNER,OVER THE COUNTER_NOTICE,TREATABLE/REHAB,TREATABLE/REHAB,COUNTY,SANTA ROSA,95407.0,"
,  95407
(38.41483, -122.72707)",1,9697,0.0,30,Recent arrival: less than 31 days of possible follow-up,0,Recorded completed stay
CHIP,DOG,AUST CATTLE DOG/MIX,BLACK/TAN,Male,MED,2024-10-09T00:00:00.000,K26-056856,DS68,A437397,2026-08-15T00:00:00.000,2026-08-19T00:00:00.000,4,STRAY,FIELD,RETURN TO OWNER,OVER THE COUNTER_MCHIP,UNKNOWN,PENDING,COUNTY,COUNTY,95472.0,"
,  95472
(38.40179, -122.82512)",1,9698,4.0,30,Recent arrival: less than 31 days of possible follow-up,0,Recorded completed stay
KATO,DOG,GERM SHEPHERD/MIX,BR BRINDLE/WHITE,Male,MED,,K26-056857,VET,A443767,2026-08-15T00:00:00.000,2026-08-18T00:00:00.000,3,CONFISCATE,FIELD,VET,VET RETURN TO OWNER,UNKNOWN,PENDING,SANTA ROSA,SANTA ROSA,95409.0,"
,  95409
(38.46382, -122.67058)",1,9699,3.0,30,Recent arrival: less than 31 days of possible follow-up,0,Recorded completed stay
,DOG,POMERANIAN,RED,Male,TOY,,K26-056858,TRUCK,A443770,2026-08-15T00:00:00.000,2026-08-15T00:00:00.000,0,STRAY,FIELD,TRANSFER,PETCARE,UNKNOWN,PENDING,WINDSOR,,,,1,9700,0.0,30,Recent arrival: less than 31 days of possible follow-up,0,Recorded completed stay
,OTHER,RACCOON,GRAY/BLACK,Unknown,SMALL,,K26-056861,EUTH,A443783,2026-08-16T00:00:00.000,2026-08-16T00:00:00.000,0,QUARANTINE,FIELD,EUTHANIZE,FRA,UNKNOWN,UNTREATABLE,SANTA ROSA,SANTA ROSA,95401.0,"
,  95401
(38.44348, -122.72377)",1,9701,0.0,29,Recent arrival: less than 31 days of possible follow-up,0,Recorded completed stay
,OTHER,RACCOON,GRAY/BLACK,Unknown,SMALL,,K26-056862,EUTH,A443784,2026-08-16T00:00:00.000,2026-08-16T00:00:00.000,0,QUARANTINE,FIELD,EUTHANIZE,FRA,UNKNOWN,UNTREATABLE,SANTA ROSA,SANTA ROSA,95401.0,"
,  95401
(38.44348, -122.72377)",1,9702,0.0,29,Recent arrival: less than 31 days of possible follow-up,0,Recorded completed stay
ODIN,DOG,LABRADOR RETR/MIX,WHITE/TAN,Neutered,MED,2022-08-20T00:00:00.000,K26-056863,DQ111,A429248,2026-08-16T00:00:00.000,2026-08-26T00:00:00.000,10,QUARANTINE,FIELD,RETURN TO OWNER,OVER THE COUNTER_PRVS,UNKNOWN,PENDING,SANTA ROSA,SANTA ROSA,95407.0,"
,  95407
(38.41483, -122.72707)",1,9703,10.0,29,Recent arrival: less than 31 days of possible follow-up,0,Recorded completed stay
*BUCKO,CAT,DOMESTIC SH,BLACK,Female,MED,2025-08-21T00:00:00.000,K26-056864,CS05,A443786,2026-08-16T00:00:00.000,,0,STRAY,FIELD,,,UNKNOWN,,SANTA ROSA,,,,1,9704,,29,Ongoing stay: answer not known yet,,
SASHIMI,CAT,SPHYNX,TORTIE,Female,MED,2025-11-18T00:00:00.000,K26-056865,CS05,A443787,2026-08-16T00:00:00.000,2026-08-18T00:00:00.000,2,STRAY,FIELD,RETURN TO OWNER,OVER THE COUNTER_WEB,HEALTHY,HEALTHY,SANTA ROSA,SANTA ROSA,95404.0,"
,  95404
(38.43807, -122.71247)",1,9705,2.0,29,Recent arrival: less than 31 days of possible follow-up,0,Recorded completed stay
BEAR,DOG,DUTCH SHEPHERD/MIX,BLACK/BROWN,Neutered,MED,,K26-056866,DS96,A443788,2026-08-16T00:00:00.000,2026-08-26T00:00:00.000,10,OWNER SURRENDER,FIELD,EUTHANIZE,AGGRESSIVE,UNKNOWN,UNTREATABLE,COUNTY,PETALUMA,94952.0,"
,  94952
(38.23262, -122.64426)",1,9706,10.0,29,Recent arrival: less than 31 days of possible follow-up,0,Recorded completed stay
,CAT,DOMESTIC SH,GRAY,Male,SMALL,,K26-056868,COOLER,A443790,2026-08-17T00:00:00.000,2026-08-17T00:00:00.000,0,STRAY,FIELD,DISPOSAL,DOA,UNKNOWN,DEAD,SANTA ROSA,,,,1,9707,0.0,28,Recent arrival: less than 31 days of possible follow-up,0,Recorded completed stay
MAX,DOG,PIT BULL/MIX,GRAY,Neutered,MED,2015-08-29T00:00:00.000,K26-056869,DS88,A443791,2026-08-17T00:00:00.000,2026-08-29T00:00:00.000,12,STRAY,FIELD,EUTHANIZE,CON SEVERE,UNKNOWN,UNTREATABLE,SANTA ROSA,,94945.0,"
,  94945
(38.10609, -122.5679)",1,9708,12.0,28,Recent arrival: less than 31 days of possible follow-up,0,Recorded completed stay
BELLA,DOG,CHIHUAHUA SH/MIX,WHITE/BLACK,Female,SMALL,2023-07-15T00:00:00.000,K26-056872,DS89,A443061,2026-08-18T00:00:00.000,2026-08-26T00:00:00.000,8,OWNER SURRENDER,OVER THE COUNTER,TRANSFER,HSSC,UNKNOWN,HEALTHY,SANTA ROSA,COUNTY,95407.0,"
,  95407
(38.41483, -122.72707)",1,9709,8.0,27,Recent arrival: less than 31 days of possible follow-up,0,Recorded completed stay
*HOLTZ,CAT,DOMESTIC SH,GRAY,Neutered,SMALL,2022-08-18T00:00:00.000,K26-056873,CA02,A443804,2026-08-18T00:00:00.000,,0,STRAY,OVER THE COUNTER,,,UNKNOWN,,SANTA ROSA,,,,1,9710,,27,Ongoing stay: answer not known yet,,
,OTHER,BAT,BROWN,Unknown,SMALL,,K26-056875,EUTH,A443808,2026-08-18T00:00:00.000,2026-08-18T00:00:00.000,0,QUARANTINE,FIELD,EUTHANIZE,FRA,UNKNOWN,UNTREATABLE,*ROHNERT PARK,,,,1,9711,0.0,27,Recent arrival: less than 31 days of possible follow-up,0,Recorded completed stay
*LUCY,DOG,PUG,FAWN,Female,MED,2024-08-18T00:00:00.000,K26-056877,DA36,A443810,2026-08-18T00:00:00.000,,0,STRAY,OVER THE COUNTER,,,UNKNOWN,,COUNTY,,,,1,9712,,27,Ongoing stay: answer not known yet,,
,CAT,DOMESTIC SH,BLACK/WHITE,Male,KITTN,2026-07-27T00:00:00.000,K26-056878,FOSTER,A443811,2026-08-18T00:00:00.000,,0,STRAY,FIELD,,,UNKNOWN,,SANTA ROSA,,,,1,9713,,27,Ongoing stay: answer not known yet,,
,CAT,DOMESTIC SH,BLACK/WHITE,Male,KITTN,2026-07-27T00:00:00.000,K26-056879,FOSTER,A443812,2026-08-18T00:00:00.000,,0,STRAY,FIELD,,,UNKNOWN,,SANTA ROSA,,,,1,9714,,27,Ongoing stay: answer not known yet,,
,CAT,DOMESTIC SH,BRN TABBY/WHITE,Male,KITTN,2026-07-28T00:00:00.000,K26-056880,FOSTER,A443813,2026-08-18T00:00:00.000,,0,STRAY,FIELD,,,UNKNOWN,,SANTA ROSA,,,,1,9715,,27,Ongoing stay: answer not known yet,,
,CAT,DOMESTIC SH,BRN TABBY/WHITE,Female,KITTN,2026-07-27T00:00:00.000,K26-056881,FOSTER,A443814,2026-08-18T00:00:00.000,,0,STRAY,FIELD,,,UNKNOWN,,SANTA ROSA,,,,1,9716,,27,Ongoing stay: answer not known yet,,
JUNIE B JONES,CAT,DOMESTIC SH,GRAY,Female,KITTN,2026-06-01T00:00:00.000,K26-056882,COOLER,A443819,2026-08-18T00:00:00.000,,0,QUARANTINE,FIELD,,,UNKNOWN,,*ROHNERT PARK,,,,1,9717,,27,Ongoing stay: answer not known yet,,
MILO,DOG,GERM SH POINT,BROWN/WHITE,Neutered,LARGE,2018-08-18T00:00:00.000,K26-056884,DS77,A443824,2026-08-18T00:00:00.000,2026-08-18T00:00:00.000,0,STRAY,FIELD,RETURN TO OWNER,OVER THE COUNTER_CALL,UNKNOWN,PENDING,COUNTY,COUNTY,95401.0,"
,  95401
(38.44348, -122.72377)",1,9718,0.0,27,Recent arrival: less than 31 days of possible follow-up,0,Recorded completed stay
FEISTY,DOG,PIT BULL/LABRADOR RETR,YELLOW,Spayed,MED,2018-04-01T00:00:00.000,K26-056891,DS84,A395829,2026-08-19T00:00:00.000,2026-08-20T00:00:00.000,1,CONFISCATE,FLD_ARREST,RETURN TO OWNER,OVER THE COUNTER_ARREST,UNKNOWN,PENDING,COUNTY,COUNTY,95476.0,"
,  95476
(38.29188, -122.45728)",1,9719,1.0,26,Recent arrival: less than 31 days of possible follow-up,0,Recorded completed stay
BALAS,CAT,DOMESTIC SH,SLVR TABBY/WHITE,Male,SMALL,2023-08-19T00:00:00.000,K26-056892,CS05,A443835,2026-08-19T00:00:00.000,2026-08-21T00:00:00.000,2,STRAY,FIELD,RETURN TO OWNER,OVER THE COUNTER_WEB,UNKNOWN,PENDING,SANTA ROSA,SANTA ROSA,95404.0,"
,  95404
(38.43807, -122.71247)",1,9720,2.0,26,Recent arrival: less than 31 days of possible follow-up,0,Recorded completed stay
,CAT,DOMESTIC SH,BLACK,Unknown,SMALL,2024-08-22T00:00:00.000,K26-056893,CS06,A443859,2026-08-19T00:00:00.000,,0,STRAY,OVER THE COUNTER,,,UNKNOWN,,SANTA ROSA,,,,1,9721,,26,Ongoing stay: answer not known yet,,
*NEWTON,CAT,DOMESTIC SH,ORG TABBY,Male,SMALL,2026-07-19T00:00:00.000,K26-056894,FOSTER,A443871,2026-08-19T00:00:00.000,,0,STRAY,OVER THE COUNTER,,,UNKNOWN,,COUNTY,,,,1,9722,,26,Ongoing stay: answer not known yet,,
*KITSUNE,DOG,CHIHUAHUA SH/MIN PINSCHER,BROWN/WHITE,Male,SMALL,2025-08-19T00:00:00.000,K26-056896,DA25,A443873,2026-08-19T00:00:00.000,,0,STRAY,FIELD,,,UNKNOWN,,SANTA ROSA,,,,1,9723,,26,Ongoing stay: answer not known yet,,
*CALLIOPE,DOG,PIT BULL/MIX,BLACK/WHITE,Spayed,PUPPY,2026-05-26T00:00:00.000,K26-056898,DA03,A443181,2026-08-19T00:00:00.000,2026-08-29T00:00:00.000,10,ADOPTION RETURN,OVER THE COUNTER,ADOPTION,WALKIN,UNKNOWN,HEALTHY,SANTA ROSA,SANTA ROSA,95407.0,"
,  95407
(38.41483, -122.72707)",1,9724,10.0,26,Recent arrival: less than 31 days of possible follow-up,0,Recorded completed stay
NORMAN,CAT,DOMESTIC SH,GRAY,Neutered,SMALL,2019-06-24T00:00:00.000,K26-056899,CS05,A442666,2026-08-19T00:00:00.000,2026-08-31T00:00:00.000,12,OWNER SURRENDER,OVER THE COUNTER,EUTHANIZE,CON SEVERE,UNKNOWN,UNTREATABLE,SANTA ROSA,,,,1,9725,12.0,26,Recent arrival: less than 31 days of possible follow-up,0,Recorded completed stay
CANELO,DOG,CHIHUAHUA SH,BROWN,Neutered,SMALL,2011-03-11T00:00:00.000,K26-056900,DS77,A272264,2026-08-19T00:00:00.000,2026-08-20T00:00:00.000,1,STRAY,FIELD,RETURN TO OWNER,OVER THE COUNTER_MCHIP,UNKNOWN,PENDING,COUNTY,COUNTY,95476.0,"
,  95476
(38.29188, -122.45728)",1,9726,1.0,26,Recent arrival: less than 31 days of possible follow-up,0,Recorded completed stay
*SULTAN,CAT,DOMESTIC SH,SLVR TABBY/WHITE,Neutered,KITTN,2026-03-06T00:00:00.000,K26-056901,LOBBY,A442660,2026-08-20T00:00:00.000,2026-08-25T00:00:00.000,5,ADOPTION RETURN,OVER THE COUNTER,ADOPTION,WALKIN,UNKNOWN,HEALTHY,COUNTY,COUNTY,95448.0,"
,  95448
(38.61064, -122.86883)",1,9727,5.0,25,Recent arrival: less than 31 days of possible follow-up,0,Recorded completed stay
*DUCHESS,CAT,DOMESTIC SH,BLACK/WHITE,Female,SMALL,2024-08-20T00:00:00.000,K26-056903,CA03,A443895,2026-08-20T00:00:00.000,,0,STRAY,OVER THE COUNTER,,,UNKNOWN,,SANTA ROSA,,,,1,9728,,25,Ongoing stay: answer not known yet,,
*RAMONA,CAT,DOMESTIC SH,BRN TABBY/WHITE,Female,SMALL,2026-07-30T00:00:00.000,K26-056904,CA03,A443896,2026-08-20T00:00:00.000,,0,STRAY,OVER THE COUNTER,,,UNKNOWN,,SANTA ROSA,,,,1,9729,,25,Ongoing stay: answer not known yet,,
*ASPEN,CAT,DOMESTIC SH,BRN TABBY/WHITE,Female,SMALL,2026-07-30T00:00:00.000,K26-056905,CA03,A443897,2026-08-20T00:00:00.000,,0,STRAY,OVER THE COUNTER,,,UNKNOWN,,SANTA ROSA,,,,1,9730,,25,Ongoing stay: answer not known yet,,
*DORIE,CAT,DOMESTIC SH,BLACK/WHITE,Female,SMALL,2026-07-30T00:00:00.000,K26-056906,CA03,A443898,2026-08-20T00:00:00.000,,0,STRAY,OVER THE COUNTER,,,UNKNOWN,,SANTA ROSA,,,,1,9731,,25,Ongoing stay: answer not known yet,,
*WILMA,CAT,DOMESTIC SH,BRN TABBY/WHITE,Female,SMALL,2026-07-30T00:00:00.000,K26-056907,CA03,A443899,2026-08-20T00:00:00.000,,0,STRAY,OVER THE COUNTER,,,UNKNOWN,,SANTA ROSA,,,,1,9732,,25,Ongoing stay: answer not known yet,,
*PENELOPE,CAT,DOMESTIC SH,BRN TABBY/WHITE,Female,SMALL,2026-07-30T00:00:00.000,K26-056908,CA03,A443900,2026-08-20T00:00:00.000,,0,STRAY,OVER THE COUNTER,,,UNKNOWN,,SANTA ROSA,,,,1,9733,,25,Ongoing stay: answer not known yet,,
*MARSHAL,CAT,DOMESTIC SH,BRN TABBY,Male,SMALL,2026-07-30T00:00:00.000,K26-056909,CA03,A443901,2026-08-20T00:00:00.000,,0,STRAY,OVER THE COUNTER,,,UNKNOWN,,SANTA ROSA,,,,1,9734,,25,Ongoing stay: answer not known yet,,
*YURI,CAT,DOMESTIC SH,BLACK,Male,KITTN,2026-05-20T00:00:00.000,K26-056911,CA03,A443919,2026-08-20T00:00:00.000,,0,STRAY,OVER THE COUNTER,,,UNKNOWN,,SANTA ROSA,,,,1,9735,,25,Ongoing stay: answer not known yet,,
,CAT,DOMESTIC SH,BLACK,Male,KITTN,2026-07-14T00:00:00.000,K26-056917,FOSTER,A443948,2026-08-20T00:00:00.000,,0,STRAY,PHONE,,,HEALTHY,,SANTA ROSA,,,,1,9736,,25,Ongoing stay: answer not known yet,,
,CAT,DOMESTIC SH,GRAY TABBY,Female,KITTN,2026-07-14T00:00:00.000,K26-056919,FOSTER,A443950,2026-08-20T00:00:00.000,,0,STRAY,PHONE,,,HEALTHY,,SANTA ROSA,,,,1,9737,,25,Ongoing stay: answer not known yet,,
KARMA,DOG,PIT BULL,GRAY,Spayed,MED,2018-08-21T00:00:00.000,K26-056912,DS72,A443925,2026-08-21T00:00:00.000,2026-08-22T00:00:00.000,1,CONFISCATE,FLD_ARREST,RETURN TO OWNER,OVER THE COUNTER_ARREST,UNKNOWN,PENDING,CLOVERDALE,OUT OF COUNTY,95003.0,"
,  95003
(36.97594, -121.88587)",1,9738,1.0,24,Recent arrival: less than 31 days of possible follow-up,0,Recorded completed stay
*NAPOLEON,DOG,AUST CATTLE DOG/CATAHOULA,BROWN/WHITE,Neutered,PUPPY,2026-02-23T00:00:00.000,K26-056913,DA14,A443265,2026-08-21T00:00:00.000,2026-08-26T00:00:00.000,5,ADOPTION RETURN,PHONE,ADOPTION,SCAS WEB,UNKNOWN,HEALTHY,COUNTY,SANTA ROSA,95407.0,"
,  95407
(38.41483, -122.72707)",1,9739,5.0,24,Recent arrival: less than 31 days of possible follow-up,0,Recorded completed stay
*BOGO,CAT,DOMESTIC SH,BLACK,Female,KITTN,2026-06-21T00:00:00.000,K26-056914,CA03,A443943,2026-08-21T00:00:00.000,,0,STRAY,PHONE,,,UNKNOWN,,COUNTY,,,,1,9740,,24,Ongoing stay: answer not known yet,,
NEWT,DOG,PIT BULL,BLACK/WHITE,Neutered,MED,2022-08-21T00:00:00.000,K26-056915,DS84,A443946,2026-08-21T00:00:00.000,2026-08-31T00:00:00.000,10,STRAY,FIELD,TRANSFER,RP SHELTER,UNKNOWN,HEALTHY,COUNTY,*ROHNERT PARK,94928.0,"
,  94928
(38.34246, -122.71182)",1,9741,10.0,24,Recent arrival: less than 31 days of possible follow-up,0,Recorded completed stay
*SONIC,DOG,SIBERIAN HUSKY/MIX,BLACK/TAN,Neutered,MED,2025-01-08T00:00:00.000,K26-056916,DS63,A442758,2026-08-21T00:00:00.000,2026-09-03T00:00:00.000,13,ADOPTION RETURN,OVER THE COUNTER,ADOPTION,REFERRAL-F,UNKNOWN,HEALTHY,*ROHNERT PARK,SANTA ROSA,95401.0,"
,  95401
(38.44348, -122.72377)",1,9742,13.0,24,Recent arrival: less than 31 days of possible follow-up,0,Recorded completed stay
BOBO B,DOG,PIT BULL,BR BRINDLE/WHITE,Neutered,MED,2022-08-22T00:00:00.000,K26-056918,DS73,A443949,2026-08-21T00:00:00.000,2026-08-22T00:00:00.000,1,STRAY,FIELD,RETURN TO OWNER,OVER THE COUNTER_WEB,UNKNOWN,PENDING,SANTA ROSA,SANTA ROSA,95403.0,"
,  95403
(38.47164, -122.73983)",1,9743,1.0,24,Recent arrival: less than 31 days of possible follow-up,0,Recorded completed stay
,CAT,DOMESTIC SH,BLACK,Male,KITTN,2026-08-09T00:00:00.000,K26-056920,FOSTER,A443951,2026-08-21T00:00:00.000,,0,STRAY,OVER THE COUNTER,,,UNKNOWN,,COUNTY,,,,1,9744,,24,Ongoing stay: answer not known yet,,
,OTHER,SHEEP,WHITE,Female,LARGE,,K26-056921,COOLER,A443962,2026-08-22T00:00:00.000,2026-08-27T00:00:00.000,5,STRAY,FIELD,DISPOSAL,DOA,UNKNOWN,DEAD,COUNTY,,,,1,9745,5.0,23,Recent arrival: less than 31 days of possible follow-up,0,Recorded completed stay
COUSTEAU,DOG,FRENCH BULLDOG,GRAY,Male,SMALL,2017-08-02T00:00:00.000,K26-056922,DS73,A443972,2026-08-22T00:00:00.000,2026-08-22T00:00:00.000,0,STRAY,OVER THE COUNTER,RETURN TO OWNER,OVER THE COUNTER_NOTICE,UNKNOWN,PENDING,SANTA ROSA,OUT OF COUNTY,95959.0,"
,  95959
(39.26271, -121.01918)",1,9746,0.0,23,Recent arrival: less than 31 days of possible follow-up,0,Recorded completed stay
COCO,DOG,PIT BULL,WHITE/BROWN,Spayed,LARGE,2012-11-09T00:00:00.000,K26-056923,DS61,A288089,2026-08-22T00:00:00.000,2026-08-29T00:00:00.000,7,STRAY,FIELD,EUTHANIZE,CON SEVERE,UNKNOWN,UNTREATABLE,SANTA ROSA,SANTA ROSA,95407.0,"
,  95407
(38.41483, -122.72707)",1,9747,7.0,23,Recent arrival: less than 31 days of possible follow-up,0,Recorded completed stay
TACO,DOG,JACK RUSSELL,WHITE/BROWN,Male,SMALL,2016-08-22T00:00:00.000,K26-056924,DS54,A443977,2026-08-22T00:00:00.000,2026-08-22T00:00:00.000,0,STRAY,FIELD,RETURN TO OWNER,OVER THE COUNTER_WEB,UNKNOWN,PENDING,SANTA ROSA,COUNTY,95407.0,"
,  95407
(38.41483, -122.72707)",1,9748,0.0,23,Recent arrival: less than 31 days of possible follow-up,0,Recorded completed stay
,DOG,ROTTWEILER/MIX,BLACK/TAN,Female,PUPPY,2026-05-22T00:00:00.000,K26-056925,DS96,A443995,2026-08-22T00:00:00.000,,0,STRAY,OVER THE COUNTER,,,UNKNOWN,,SANTA ROSA,,,,1,9749,,23,Ongoing stay: answer not known yet,,
,DOG,ROTTWEILER/MIX,BLACK/BROWN,Female,PUPPY,2026-05-22T00:00:00.000,K26-056926,DS51,A443996,2026-08-22T00:00:00.000,,0,STRAY,OVER THE COUNTER,,,UNKNOWN,,SANTA ROSA,,,,1,9750,,23,Ongoing stay: answer not known yet,,
*HISSTOPHER,CAT,DOMESTIC SH,BRN TABBY/WHITE,Male,KITTN,2026-06-22T00:00:00.000,K26-056927,CA03,A443998,2026-08-22T00:00:00.000,,0,STRAY,OVER THE COUNTER,,,UNKNOWN,,SANTA ROSA,,,,1,9751,,23,Ongoing stay: answer not known yet,,
MILO,DOG,AUST CATTLE DOG,BLUE/TAN,Male,MED,2025-12-25T00:00:00.000,K26-056928,DS71,A444010,2026-08-23T00:00:00.000,2026-08-25T00:00:00.000,2,STRAY,FIELD,RETURN TO OWNER,OVER THE COUNTER_WEB,UNKNOWN,PENDING,SANTA ROSA,SANTA ROSA,95407.0,"
,  95407
(38.41483, -122.72707)",1,9752,2.0,22,Recent arrival: less than 31 days of possible follow-up,0,Recorded completed stay
BLUEY,DOG,AUST CATTLE DOG,BLUE/TAN,Male,MED,2025-12-25T00:00:00.000,K26-056929,DS68,A444011,2026-08-23T00:00:00.000,2026-08-25T00:00:00.000,2,STRAY,FIELD,RETURN TO OWNER,OVER THE COUNTER_ARREST,UNKNOWN,PENDING,SANTA ROSA,SANTA ROSA,95407.0,"
,  95407
(38.41483, -122.72707)",1,9753,2.0,22,Recent arrival: less than 31 days of possible follow-up,0,Recorded completed stay
,CAT,DOMESTIC LH,WHITE,Neutered,SMALL,2014-08-27T00:00:00.000,K26-056930,SMM,A444014,2026-08-23T00:00:00.000,2026-08-29T00:00:00.000,6,STRAY,FIELD,EUTHANIZE,CON SEVERE,UNKNOWN,UNTREATABLE,SANTA ROSA,,,,1,9754,6.0,22,Recent arrival: less than 31 days of possible follow-up,0,Recorded completed stay
*FLEEDA,CAT,DOMESTIC LH,GRAY,Spayed,SMALL,2017-09-02T00:00:00.000,K26-056931,SMM,A444015,2026-08-23T00:00:00.000,2026-09-08T00:00:00.000,16,STRAY,FIELD,EUTHANIZE,ILL SEVERE,UNKNOWN,UNTREATABLE,SANTA ROSA,,,,1,9755,16.0,22,Recent arrival: less than 31 days of possible follow-up,0,Recorded completed stay
*TIGER,DOG,BELG MALINOIS/MIX,BR BRINDLE,Male,PUPPY,2026-06-11T00:00:00.000,K26-056932,DA20,A444016,2026-08-23T00:00:00.000,,0,STRAY,FIELD,,,UNKNOWN,,COUNTY,,,,1,9756,,22,Ongoing stay: answer not known yet,,
*CHEESE,DOG,BELG MALINOIS/MIX,BR BRINDLE/WHITE,Female,PUPPY,2026-06-11T00:00:00.000,K26-056933,DI097,A444017,2026-08-23T00:00:00.000,,0,STRAY,FIELD,,,UNKNOWN,,COUNTY,,,,1,9757,,22,Ongoing stay: answer not known yet,,
,DOG,BELG MALINOIS/MIX,BR BRINDLE/WHITE,Female,PUPPY,2026-06-11T00:00:00.000,K26-056934,DS52,A444018,2026-08-23T00:00:00.000,,0,STRAY,FIELD,,,UNKNOWN,,COUNTY,,,,1,9758,,22,Ongoing stay: answer not known yet,,
*BEAU,DOG,BELG MALINOIS/MIX,BR BRINDLE/WHITE,Male,PUPPY,2026-06-11T00:00:00.000,K26-056935,DA29,A444019,2026-08-23T00:00:00.000,,0,STRAY,FIELD,,,UNKNOWN,,COUNTY,,,,1,9759,,22,Ongoing stay: answer not known yet,,
,OTHER,SHEEP,WHITE,Neutered,MED,,K26-056936,LS06,A444020,2026-08-23T00:00:00.000,2026-08-25T00:00:00.000,2,STRAY,FIELD,RETURN TO OWNER,OVER THE COUNTER_CALL,UNKNOWN,PENDING,COUNTY,COUNTY,94931.0,"
,  94931
(38.32345, -122.70821)",1,9760,2.0,22,Recent arrival: less than 31 days of possible follow-up,0,Recorded completed stay
,OTHER,SHEEP,WHITE,Neutered,MED,,K26-056937,LS06,A444021,2026-08-23T00:00:00.000,2026-08-25T00:00:00.000,2,STRAY,FIELD,RETURN TO OWNER,OVER THE COUNTER_CALL,UNKNOWN,PENDING,COUNTY,COUNTY,94931.0,"
,  94931
(38.32345, -122.70821)",1,9761,2.0,22,Recent arrival: less than 31 days of possible follow-up,0,Recorded completed stay
,OTHER,SHEEP,WHITE/BLACK,Neutered,MED,,K26-056938,LS06,A444022,2026-08-23T00:00:00.000,2026-08-25T00:00:00.000,2,STRAY,FIELD,RETURN TO OWNER,OVER THE COUNTER_CALL,UNKNOWN,PENDING,COUNTY,COUNTY,94931.0,"
,  94931
(38.32345, -122.70821)",1,9762,2.0,22,Recent arrival: less than 31 days of possible follow-up,0,Recorded completed stay
,OTHER,SHEEP,WHITE/BLACK,Neutered,MED,,K26-056939,LS06,A444023,2026-08-23T00:00:00.000,2026-08-25T00:00:00.000,2,STRAY,FIELD,RETURN TO OWNER,OVER THE COUNTER_CALL,UNKNOWN,PENDING,COUNTY,COUNTY,94931.0,"
,  94931
(38.32345, -122.70821)",1,9763,2.0,22,Recent arrival: less than 31 days of possible follow-up,0,Recorded completed stay
SOPHIE,DOG,YORKSHIRE TERR,BROWN/BLACK,Spayed,TOY,2018-08-25T00:00:00.000,K26-056940,DS70,A444026,2026-08-23T00:00:00.000,2026-08-25T00:00:00.000,2,STRAY,FIELD,RETURN TO OWNER,OVER THE COUNTER_WEB,UNKNOWN,PENDING,SANTA ROSA,SANTA ROSA,95403.0,"
,  95403
(38.47164, -122.73983)",1,9764,2.0,22,Recent arrival: less than 31 days of possible follow-up,0,Recorded completed stay
*ADAM,DOG,BELG MALINOIS/MIX,BR BRINDLE,Male,PUPPY,2026-05-24T00:00:00.000,K26-056941,DA22,A444027,2026-08-24T00:00:00.000,,0,STRAY,FIELD,,,UNKNOWN,,COUNTY,,,,1,9765,,21,Ongoing stay: answer not known yet,,
,CAT,DOMESTIC SH,CALICO,Male,KITTN,2026-08-20T00:00:00.000,K26-056942,FOSTER,A444030,2026-08-24T00:00:00.000,2026-08-25T00:00:00.000,1,STRAY,FIELD,DIED,AT VET,UNKNOWN,DEAD,SANTA ROSA,,,,1,9766,1.0,21,Recent arrival: less than 31 days of possible follow-up,0,Recorded completed stay
DUCHESS,DOG,WELSH CORGI PEM,TRICOLOR,Spayed,MED,2018-07-30T00:00:00.000,K26-056943,DS86,A444032,2026-08-24T00:00:00.000,2026-09-03T00:00:00.000,10,STRAY,FIELD,RETURN TO OWNER,OVER THE COUNTER_CALL,UNKNOWN,PENDING,COUNTY,COUNTY,94952.0,"
,  94952
(38.23262, -122.64426)",1,9767,10.0,21,Recent arrival: less than 31 days of possible follow-up,0,Recorded completed stay
ROSTA,DOG,PIT BULL,BLACK/WHITE,Male,LARGE,2020-08-25T00:00:00.000,K26-056945,DS85,A444034,2026-08-24T00:00:00.000,2026-08-25T00:00:00.000,1,CONFISCATE,FLD_ARREST,RETURN TO OWNER,OVER THE COUNTER_ARREST,UNKNOWN,PENDING,SANTA ROSA,SANTA ROSA,95401.0,"
,  95401
(38.44348, -122.72377)",1,9768,1.0,21,Recent arrival: less than 31 days of possible follow-up,0,Recorded completed stay
,CAT,DOMESTIC SH,TORTIE,Female,KITTN,2026-06-25T00:00:00.000,K26-056948,FOSTER,A444040,2026-08-25T00:00:00.000,,0,STRAY,OVER THE COUNTER,,,UNKNOWN,,COUNTY,,,,1,9769,,20,Ongoing stay: answer not known yet,,
,CAT,DOMESTIC SH,TORTIE,Female,KITTN,2026-06-25T00:00:00.000,K26-056949,FOSTER,A444041,2026-08-25T00:00:00.000,,0,STRAY,OVER THE COUNTER,,,UNKNOWN,,COUNTY,,,,1,9770,,20,Ongoing stay: answer not known yet,,
,CAT,DOMESTIC SH,BLACK/WHITE,Female,KITTN,2026-06-25T00:00:00.000,K26-056950,FOSTER,A444042,2026-08-25T00:00:00.000,,0,STRAY,OVER THE COUNTER,,,UNKNOWN,,COUNTY,,,,1,9771,,20,Ongoing stay: answer not known yet,,
ROC,DOG,RAT TERRIER/MIX,BROWN/WHITE,Male,MED,2020-08-25T00:00:00.000,K26-056951,DS87,A444043,2026-08-25T00:00:00.000,2026-08-26T00:00:00.000,1,STRAY,OVER THE COUNTER,RETURN TO OWNER,OVER THE COUNTER_CALL,UNKNOWN,PENDING,SANTA ROSA,COUNTY,95401.0,"
,  95401
(38.44348, -122.72377)",1,9772,1.0,20,Recent arrival: less than 31 days of possible follow-up,0,Recorded completed stay
BINGE,DOG,SIBERIAN HUSKY,BLACK/WHITE,Neutered,LARGE,,K26-056952,DS64,A434196,2026-08-25T00:00:00.000,2026-08-25T00:00:00.000,0,STRAY,OVER THE COUNTER,RETURN TO OWNER,OVER THE COUNTER_WEB,UNKNOWN,PENDING,SANTA ROSA,,95402.0,"
,  95402
(38.44015, -122.71031)",1,9773,0.0,20,Recent arrival: less than 31 days of possible follow-up,0,Recorded completed stay
CANNONBALL,OTHER,RABBIT SH,BLACK,Male,SMALL,2024-08-25T00:00:00.000,K26-056954,CS06,A444045,2026-08-25T00:00:00.000,2026-08-25T00:00:00.000,0,STRAY,FIELD,RETURN TO OWNER,OVER THE COUNTER_WALKIN,UNKNOWN,PENDING,SANTA ROSA,SANTA ROSA,95403.0,"
,  95403
(38.47164, -122.73983)",1,9774,0.0,20,Recent arrival: less than 31 days of possible follow-up,0,Recorded completed stay
,OTHER,SHEEP,WHITE,Neutered,MED,,K26-056955,LS06,A444020,2026-08-25T00:00:00.000,2026-08-25T00:00:00.000,0,OWNER SURRENDER,OVER THE COUNTER,RETURN TO OWNER,OVER THE COUNTER_CALL,UNKNOWN,PENDING,COUNTY,COUNTY,94931.0,"
,  94931
(38.32345, -122.70821)",1,9775,0.0,20,Recent arrival: less than 31 days of possible follow-up,0,Recorded completed stay
,OTHER,SHEEP,WHITE,Neutered,MED,,K26-056956,LS06,A444021,2026-08-25T00:00:00.000,2026-08-25T00:00:00.000,0,OWNER SURRENDER,OVER THE COUNTER,RETURN TO OWNER,OVER THE COUNTER_CALL,UNKNOWN,PENDING,COUNTY,COUNTY,94931.0,"
,  94931
(38.32345, -122.70821)",1,9776,0.0,20,Recent arrival: less than 31 days of possible follow-up,0,Recorded completed stay
,OTHER,SHEEP,WHITE/BLACK,Neutered,MED,,K26-056957,LS06,A444022,2026-08-25T00:00:00.000,2026-08-25T00:00:00.000,0,OWNER SURRENDER,OVER THE COUNTER,RETURN TO OWNER,OVER THE COUNTER_CALL,UNKNOWN,PENDING,COUNTY,COUNTY,94931.0,"
,  94931
(38.32345, -122.70821)",1,9777,0.0,20,Recent arrival: less than 31 days of possible follow-up,0,Recorded completed stay
,OTHER,SHEEP,WHITE/BLACK,Neutered,MED,,K26-056958,LS06,A444023,2026-08-25T00:00:00.000,2026-08-25T00:00:00.000,0,OWNER SURRENDER,OVER THE COUNTER,RETURN TO OWNER,OVER THE COUNTER_CALL,UNKNOWN,PENDING,COUNTY,COUNTY,94931.0,"
,  94931
(38.32345, -122.70821)",1,9778,0.0,20,Recent arrival: less than 31 days of possible follow-up,0,Recorded completed stay
TALIA,CAT,DOMESTIC SH,TORTIE,Spayed,SMALL,2023-08-25T00:00:00.000,K26-056959,CS05,A444047,2026-08-25T00:00:00.000,2026-09-10T00:00:00.000,16,STRAY,FIELD,TRANSFER,HSSC,UNKNOWN,PENDING,SANTA ROSA,COUNTY,95407.0,"
,  95407
(38.41266, -122.74124)",1,9779,16.0,20,Recent arrival: less than 31 days of possible follow-up,0,Recorded completed stay
,DOG,AUST CATTLE DOG/MIX,BLACK/WHITE,Female,PUPPY,2026-05-25T00:00:00.000,K26-056960,CS04,A444048,2026-08-25T00:00:00.000,2026-08-26T00:00:00.000,1,STRAY,FIELD,TRANSFER,HSSC,UNKNOWN,HEALTHY,SANTA ROSA,COUNTY,95407.0,"
,  95407
(38.41483, -122.72707)",1,9780,1.0,20,Recent arrival: less than 31 days of possible follow-up,0,Recorded completed stay
*FANNY,CAT,DOMESTIC SH,TORTIE,Female,SMALL,2023-08-25T00:00:00.000,K26-056963,CS05,A444055,2026-08-25T00:00:00.000,,0,STRAY,OVER THE COUNTER,,,UNKNOWN,,COUNTY,,,,1,9781,,20,Ongoing stay: answer not known yet,,
,OTHER,BAT,BROWN,Unknown,SMALL,,K26-056964,TRUCK,A444057,2026-08-25T00:00:00.000,2026-08-25T00:00:00.000,0,QUARANTINE,FIELD,EUTHANIZE,FRA,UNKNOWN,UNTREATABLE,SANTA ROSA,,,,1,9782,0.0,20,Recent arrival: less than 31 days of possible follow-up,0,Recorded completed stay
,OTHER,PIGEON,WHITE,Unknown,SMALL,2026-08-03T00:00:00.000,K26-056965,LOBBY,A444059,2026-08-25T00:00:00.000,2026-08-25T00:00:00.000,0,STRAY,OVER THE COUNTER,TRANSFER,,UNKNOWN,TREATABLE/REHAB,COUNTY,OUT OF COUNTY,94602.0,"
,  94602
(37.8054, -122.22041)",1,9783,0.0,20,Recent arrival: less than 31 days of possible follow-up,0,Recorded completed stay
,OTHER,BAT,BLACK,Unknown,SMALL,,K26-056966,RECEIVING,A444061,2026-08-25T00:00:00.000,2026-08-25T00:00:00.000,0,QUARANTINE,FIELD,EUTHANIZE,FRA,UNKNOWN,UNTREATABLE,HEALDSBURG,,,,1,9784,0.0,20,Recent arrival: less than 31 days of possible follow-up,0,Recorded completed stay
BUBBLES,CAT,DOMESTIC LH,BROWN/WHITE,Unknown,SMALL,2009-08-25T00:00:00.000,K26-056967,TRUCK,A444062,2026-08-25T00:00:00.000,2026-08-25T00:00:00.000,0,STRAY,FIELD,RETURN TO OWNER,FLD_NBR,UNKNOWN,UNTREATABLE,COUNTY,COUNTY,95472.0,"
,  95472
(38.40179, -122.82512)",1,9785,0.0,20,Recent arrival: less than 31 days of possible follow-up,0,Recorded completed stay
KELLY,DOG,LABRADOR RETR,SABLE,Spayed,LARGE,2017-08-25T00:00:00.000,K26-056968,DS73,A444064,2026-08-25T00:00:00.000,2026-09-03T00:00:00.000,9,CONFISCATE,FLD_HOSPTL,RETURN TO OWNER,FLD_PRVS,UNKNOWN,PENDING,COUNTY,COUNTY,95446.0,"
,  95446
(38.50204, -122.99739)",1,9786,9.0,20,Recent arrival: less than 31 days of possible follow-up,0,Recorded completed stay
LULU,DOG,LABRADOR RETR,WHITE,Spayed,LARGE,2014-08-25T00:00:00.000,K26-056969,DS64,A444063,2026-08-25T00:00:00.000,2026-09-02T00:00:00.000,8,CONFISCATE,FLD_HOSPTL,RETURN TO OWNER,FLD_PRVS,UNKNOWN,PENDING,COUNTY,COUNTY,95446.0,"
,  95446
(38.50204, -122.99739)",1,9787,8.0,20,Recent arrival: less than 31 days of possible follow-up,0,Recorded completed stay
TITO,DOG,CHIHUAHUA SH/MIX,BROWN/WHITE,Male,SMALL,,K26-056970,DS54,A444065,2026-08-25T00:00:00.000,2026-08-26T00:00:00.000,1,CONFISCATE,FLD_CORONR,RETURN TO OWNER,OVER THE COUNTER_NOTICE,UNKNOWN,PENDING,SANTA ROSA,COUNTY,95472.0,"
,  95472
(38.40179, -122.82512)",1,9788,1.0,20,Recent arrival: less than 31 days of possible follow-up,0,Recorded completed stay
*PALMER,CAT,DOMESTIC SH,BRN TABBY/WHITE,Male,SMALL,2023-08-26T00:00:00.000,K26-056974,SMM,A444069,2026-08-26T00:00:00.000,,0,STRAY,FIELD,,,UNKNOWN,,SANTA ROSA,,,,1,9789,,19,Ongoing stay: answer not known yet,,
*MOLLY,CAT,DOMESTIC SH,BLACK/WHITE,Female,SMALL,2024-08-26T00:00:00.000,K26-056984,CS05,A444088,2026-08-26T00:00:00.000,,0,STRAY,OVER THE COUNTER,,,UNKNOWN,,SANTA ROSA,,,,1,9790,,19,Ongoing stay: answer not known yet,,
,CAT,DOMESTIC SH,BUFF,Male,KITTN,2026-08-20T00:00:00.000,K26-057005,FOSTER,A444148,2026-08-26T00:00:00.000,,0,STRAY,OVER THE COUNTER,,,UNKNOWN,,SANTA ROSA,,,,1,9791,,19,Ongoing stay: answer not known yet,,
,CAT,DOMESTIC SH,BLACK,Unknown,KITTN,2026-08-20T00:00:00.000,K26-057006,FOSTER,A444150,2026-08-26T00:00:00.000,,0,STRAY,OVER THE COUNTER,,,UNKNOWN,,SANTA ROSA,,,,1,9792,,19,Ongoing stay: answer not known yet,,
,CAT,DOMESTIC SH,BLACK,Unknown,KITTN,2026-08-20T00:00:00.000,K26-057007,FOSTER,A444151,2026-08-26T00:00:00.000,,0,STRAY,OVER THE COUNTER,,,UNKNOWN,,SANTA ROSA,,,,1,9793,,19,Ongoing stay: answer not known yet,,
COCO,DOG,FRENCH BULLDOG/MIX,WHITE,Male,SMALL,2024-08-27T00:00:00.000,K26-056987,DS70,A444109,2026-08-27T00:00:00.000,2026-08-27T00:00:00.000,0,STRAY,FIELD,RETURN TO OWNER,OVER THE COUNTER_CALL,UNKNOWN,PENDING,COUNTY,SANTA ROSA,95407.0,"
,  95407
(38.41483, -122.72707)",1,9794,0.0,18,Recent arrival: less than 31 days of possible follow-up,0,Recorded completed stay
KILO,DOG,FRENCH BULLDOG,GRAY/TAN,Male,SMALL,2024-08-27T00:00:00.000,K26-056988,DS69,A444110,2026-08-27T00:00:00.000,2026-08-27T00:00:00.000,0,STRAY,FIELD,RETURN TO OWNER,OVER THE COUNTER_CALL,UNKNOWN,PENDING,COUNTY,SANTA ROSA,95407.0,"
,  95407
(38.41483, -122.72707)",1,9795,0.0,18,Recent arrival: less than 31 days of possible follow-up,0,Recorded completed stay
LILLY,DOG,PIT BULL,WHITE/BROWN,Spayed,LARGE,2015-10-25T00:00:00.000,K26-056989,DS54,A371192,2026-08-27T00:00:00.000,2026-08-27T00:00:00.000,0,STRAY,OVER THE COUNTER,RETURN TO OWNER,OVER THE COUNTER_NOTICE,UNKNOWN,PENDING,COUNTY,COUNTY,95403.0,"
,  95403
(38.47164, -122.73983)",1,9796,0.0,18,Recent arrival: less than 31 days of possible follow-up,0,Recorded completed stay
SKY,DOG,PIT BULL,WHITE/BLACK,Female,MED,2024-03-06T00:00:00.000,K26-056990,HEALDSBURG,A436592,2026-08-27T00:00:00.000,2026-08-28T00:00:00.000,1,CONFISCATE,FLD_ARREST,TRANSFER,HEALDSBURG,UNKNOWN,PENDING,HEALDSBURG,CLOVERDALE,95425.0,"
,  95425
(38.80627, -123.01783)",1,9797,1.0,18,Recent arrival: less than 31 days of possible follow-up,0,Recorded completed stay
,DOG,POODLE MIN,BLACK,Female,SMALL,2016-08-27T00:00:00.000,K26-056991,DS87,A444114,2026-08-27T00:00:00.000,2026-09-03T00:00:00.000,7,STRAY,FIELD,EUTHANIZE,CON SEVERE,UNKNOWN,UNTREATABLE,COUNTY,,,,1,9798,7.0,18,Recent arrival: less than 31 days of possible follow-up,0,Recorded completed stay
JUNO,CAT,DOMESTIC SH,BRN TABBY/WHITE,Spayed,SMALL,2024-08-27T00:00:00.000,K26-056992,CS06,A444115,2026-08-27T00:00:00.000,2026-08-28T00:00:00.000,1,STRAY,FIELD,RETURN TO OWNER,OVER THE COUNTER_NOTICE,UNKNOWN,PENDING,SANTA ROSA,SANTA ROSA,95407.0,"
,  95407
(38.41483, -122.72707)",1,9799,1.0,18,Recent arrival: less than 31 days of possible follow-up,0,Recorded completed stay
,CAT,DOMESTIC SH,BRN TABBY,Unknown,SMALL,2026-04-27T00:00:00.000,K26-056993,CS06,A444117,2026-08-27T00:00:00.000,,0,CONFISCATE,FLD_ABAND,,,UNKNOWN,,SANTA ROSA,,,,1,9800,,18,Ongoing stay: answer not known yet,,
,CAT,DOMESTIC SH,BRN TABBY/WHITE,Male,SMALL,2026-04-27T00:00:00.000,K26-056994,CS06,A444118,2026-08-27T00:00:00.000,,0,CONFISCATE,FLD_ABAND,,,UNKNOWN,,SANTA ROSA,,,,1,9801,,18,Ongoing stay: answer not known yet,,
,CAT,DOMESTIC SH,BRN TABBY/WHITE,Male,SMALL,2026-04-27T00:00:00.000,K26-056995,CS06,A444119,2026-08-27T00:00:00.000,,0,CONFISCATE,FLD_ABAND,,,UNKNOWN,,SANTA ROSA,,,,1,9802,,18,Ongoing stay: answer not known yet,,
OPIE,DOG,PIT BULL,TAN/WHITE,Male,MED,2018-08-27T00:00:00.000,K26-056996,DS76,A444124,2026-08-27T00:00:00.000,2026-09-12T00:00:00.000,16,CONFISCATE,FLD_ARREST,RETURN TO OWNER,OVER THE COUNTER_ARREST,UNKNOWN,PENDING,COUNTY,*ROHNERT PARK,94928.0,"
,  94928
(38.34246, -122.71182)",1,9803,16.0,18,Recent arrival: less than 31 days of possible follow-up,0,Recorded completed stay
,OTHER,TORTOISE,BROWN,Male,MED,,K26-056997,CS06,A444129,2026-08-27T00:00:00.000,2026-08-28T00:00:00.000,1,STRAY,FIELD,TRANSFER,REPTILE,UNKNOWN,PENDING,COUNTY,COUNTY,95472.0,"
,  95472
(38.40179, -122.82512)",1,9804,1.0,18,Recent arrival: less than 31 days of possible follow-up,0,Recorded completed stay
XENA,DOG,GERM SHEPHERD,BLACK/TAN,Spayed,MED,2017-08-28T00:00:00.000,K26-056998,DQ108,A444136,2026-08-28T00:00:00.000,,0,CONFISCATE,FLD_INVEST,,,UNKNOWN,,PETALUMA,COUNTY,94952.0,"
,  94952
(38.23262, -122.64426)",1,9805,,17,Ongoing stay: answer not known yet,,
BELLA,DOG,PIT BULL/MIX,RED/BROWN,Spayed,MED,2023-08-28T00:00:00.000,K26-056999,DQ113,A444137,2026-08-28T00:00:00.000,,0,CONFISCATE,FLD_INVEST,,,UNKNOWN,,PETALUMA,OUT OF COUNTY,94947.0,"
,  94947
(38.0993, -122.57707)",1,9806,,17,Ongoing stay: answer not known yet,,
REYA,DOG,GERM SHEPHERD,BROWN/BLACK,Spayed,MED,2023-07-15T00:00:00.000,K26-057000,DS78,A444142,2026-08-28T00:00:00.000,2026-08-28T00:00:00.000,0,STRAY,OVER THE COUNTER,RETURN TO OWNER,OVER THE COUNTER_NOTICE,UNKNOWN,PENDING,COUNTY,COUNTY,95472.0,"
,  95472
(38.40179, -122.82512)",1,9807,0.0,17,Recent arrival: less than 31 days of possible follow-up,0,Recorded completed stay
LOLA,DOG,BORDER COLLIE/MIX,BLACK/WHITE,Spayed,MED,2017-11-30T00:00:00.000,K26-057001,DS62,A444144,2026-08-28T00:00:00.000,2026-09-01T00:00:00.000,4,STRAY,FIELD,RETURN TO OWNER,OVER THE COUNTER_CALL,UNKNOWN,PENDING,COUNTY,COUNTY,95448.0,"
,  95448
(38.61064, -122.86883)",1,9808,4.0,17,Recent arrival: less than 31 days of possible follow-up,0,Recorded completed stay
TEDO,DOG,PUG,TAN,Neutered,SMALL,2017-01-23T00:00:00.000,K26-057002,DS83,A444145,2026-08-28T00:00:00.000,2026-09-01T00:00:00.000,4,STRAY,FIELD,RETURN TO OWNER,OVER THE COUNTER_WEB,UNKNOWN,PENDING,COUNTY,COUNTY,95448.0,"
,  95448
(38.61064, -122.86883)",1,9809,4.0,17,Recent arrival: less than 31 days of possible follow-up,0,Recorded completed stay
MOJO,DOG,CHIHUAHUA SH,TAN,Male,SMALL,,K26-057003,COOLER,A444146,2026-08-28T00:00:00.000,2026-09-08T00:00:00.000,11,CONFISCATE,FLD_HOSPTL,DISPOSAL,DOA,UNKNOWN,DEAD,SANTA ROSA,SANTA ROSA,95404.0,"
,  95404
(38.43807, -122.71247)",1,9810,11.0,17,Recent arrival: less than 31 days of possible follow-up,0,Recorded completed stay
DOG,DOG,LABRADOR RETR/MIX,BLACK/WHITE,Neutered,LARGE,2015-08-29T00:00:00.000,K26-057008,DS77,A444149,2026-08-29T00:00:00.000,2026-09-02T00:00:00.000,4,CONFISCATE,FLD_HOSPTL,RETURN TO OWNER,OVER THE COUNTER_MCHIP,UNKNOWN,PENDING,COUNTY,OUT OF COUNTY,93109.0,"
,  93109
(34.40394, -119.72312)",1,9811,4.0,16,Recent arrival: less than 31 days of possible follow-up,0,Recorded completed stay
BONNIE,DOG,POODLE STND,BLACK,Female,MED,2021-08-29T00:00:00.000,K26-057009,RPAS,A444163,2026-08-29T00:00:00.000,2026-08-29T00:00:00.000,0,CONFISCATE,FLD_ABAND,TRANSFER,RP SHELTER,UNKNOWN,PENDING,WINDSOR,,,,1,9812,0.0,16,Recent arrival: less than 31 days of possible follow-up,0,Recorded completed stay
SCY SCY,CAT,DOMESTIC SH,GRAY/GRAY TABBY,Male,MED,2022-08-31T00:00:00.000,K26-057010,CS05,A444164,2026-08-29T00:00:00.000,2026-09-01T00:00:00.000,3,CONFISCATE,FLD_CRUEL,RETURN TO OWNER,OVER THE COUNTER_NOTICE,UNKNOWN,PENDING,SANTA ROSA,SANTA ROSA,95404.0,"
,  95404
(38.43807, -122.71247)",1,9813,3.0,16,Recent arrival: less than 31 days of possible follow-up,0,Recorded completed stay
PRINCE,DOG,CHIHUAHUA SH/MIX,BLACK/WHITE,Male,SMALL,2025-08-29T00:00:00.000,K26-057011,DS54,A444165,2026-08-29T00:00:00.000,2026-09-01T00:00:00.000,3,CONFISCATE,FLD_ARREST,RETURN TO OWNER,OVER THE COUNTER_ARREST,UNKNOWN,PENDING,SANTA ROSA,SANTA ROSA,95401.0,"
,  95401
(38.44348, -122.72377)",1,9814,3.0,16,Recent arrival: less than 31 days of possible follow-up,0,Recorded completed stay
,OTHER,CALIFORNIAN/MIX,SEAL PT,Male,SMALL,2025-08-29T00:00:00.000,K26-057012,CS06,A444166,2026-08-29T00:00:00.000,,0,STRAY,OVER THE COUNTER,,,UNKNOWN,,COUNTY,,,,1,9815,,16,Ongoing stay: answer not known yet,,
,DOG,STAFFORDSHIRE/MIX,TAN,Female,MED,2025-04-30T00:00:00.000,K26-057013,DS85,A444176,2026-08-30T00:00:00.000,2026-09-10T00:00:00.000,11,STRAY,FIELD,EUTHANIZE,BEH SEVERE,UNTREATABLE,UNTREATABLE,COUNTY,,,,1,9816,11.0,15,Recent arrival: less than 31 days of possible follow-up,0,Recorded completed stay
,DOG,SIBERIAN HUSKY/MIX,BLACK/WHITE,Male,LARGE,2022-08-31T00:00:00.000,K26-057014,DS75,A444184,2026-08-31T00:00:00.000,,0,STRAY,FIELD,,,UNKNOWN,,COUNTY,,,,1,9817,,14,Ongoing stay: answer not known yet,,
*ZEKE,CAT,DOMESTIC SH,GRAY,Male,KITTN,2026-07-31T00:00:00.000,K26-057016,CA03,A444186,2026-08-31T00:00:00.000,,0,STRAY,FIELD,,,UNKNOWN,,SANTA ROSA,,,,1,9818,,14,Ongoing stay: answer not known yet,,
*BASS,CAT,DOMESTIC SH,BRN TABBY,Male,KITTN,2026-07-01T00:00:00.000,K26-057017,CA03,A444187,2026-08-31T00:00:00.000,,0,STRAY,FIELD,,,UNKNOWN,,COUNTY,,,,1,9819,,14,Ongoing stay: answer not known yet,,
GNARLY,DOG,FRENCH BULLDOG,FAWN,Female,SMALL,2018-09-02T00:00:00.000,K26-057019,DS80,A444192,2026-09-01T00:00:00.000,2026-09-02T00:00:00.000,1,CONFISCATE,FLD_ARREST,RETURN TO OWNER,OVER THE COUNTER_ARREST,UNKNOWN,PENDING,SANTA ROSA,PETALUMA,94952.0,"
,  94952
(38.23262, -122.64426)",1,9820,1.0,13,Recent arrival: less than 31 days of possible follow-up,0,Recorded completed stay
*ASA,CAT,DOMESTIC SH,ORANGE,Male,KITTN,2026-06-16T00:00:00.000,K26-057020,CS04,A444121,2026-09-01T00:00:00.000,,0,OWNER SURRENDER,OVER THE COUNTER,,,UNKNOWN,,SANTA ROSA,,,,1,9821,,13,Ongoing stay: answer not known yet,,
*KNOTTEE,CAT,DOMESTIC SH,BRN TABBY,Female,KITTN,2026-06-16T00:00:00.000,K26-057021,CS04,A444122,2026-09-01T00:00:00.000,,0,OWNER SURRENDER,OVER THE COUNTER,,,UNKNOWN,,SANTA ROSA,SANTA ROSA,95407.0,"
,  95407
(38.41266, -122.74124)",1,9822,,13,Ongoing stay: answer not known yet,,
*TAFFY,CAT,DOMESTIC SH,CALICO/BLUE CREAM,Female,KITTN,2026-06-16T00:00:00.000,K26-057022,CS04,A444123,2026-09-01T00:00:00.000,,0,OWNER SURRENDER,OVER THE COUNTER,,,UNKNOWN,,SANTA ROSA,SANTA ROSA,95407.0,"
,  95407
(38.41266, -122.74124)",1,9823,,13,Ongoing stay: answer not known yet,,
,CAT,DOMESTIC SH,BLACK,Unknown,KITTN,2026-08-23T00:00:00.000,K26-057024,SMM,A444194,2026-09-01T00:00:00.000,2026-09-01T00:00:00.000,0,STRAY,OVER THE COUNTER,TRANSFER,HSSC,UNKNOWN,HEALTHY,SANTA ROSA,COUNTY,95407.0,"
,  95407
(38.41266, -122.74124)",1,9824,0.0,13,Recent arrival: less than 31 days of possible follow-up,0,Recorded completed stay
,CAT,DOMESTIC SH,BLACK,Unknown,KITTN,2026-08-23T00:00:00.000,K26-057025,SMM,A444195,2026-09-01T00:00:00.000,2026-09-01T00:00:00.000,0,STRAY,OVER THE COUNTER,TRANSFER,HSSC,UNKNOWN,TREATABLE/REHAB,SANTA ROSA,COUNTY,95407.0,"
,  95407
(38.41266, -122.74124)",1,9825,0.0,13,Recent arrival: less than 31 days of possible follow-up,0,Recorded completed stay
,CAT,DOMESTIC SH,BLACK,Unknown,KITTN,2026-08-23T00:00:00.000,K26-057026,SMM,A444196,2026-09-01T00:00:00.000,2026-09-01T00:00:00.000,0,STRAY,OVER THE COUNTER,TRANSFER,HSSC,UNKNOWN,TREATABLE/REHAB,SANTA ROSA,COUNTY,95407.0,"
,  95407
(38.41266, -122.74124)",1,9826,0.0,13,Recent arrival: less than 31 days of possible follow-up,0,Recorded completed stay
,CAT,DOMESTIC SH,BLK TABBY,Unknown,KITTN,2026-08-23T00:00:00.000,K26-057027,SMM,A444197,2026-09-01T00:00:00.000,2026-09-01T00:00:00.000,0,STRAY,OVER THE COUNTER,TRANSFER,HSSC,UNKNOWN,TREATABLE/REHAB,SANTA ROSA,COUNTY,95407.0,"
,  95407
(38.41266, -122.74124)",1,9827,0.0,13,Recent arrival: less than 31 days of possible follow-up,0,Recorded completed stay
,CAT,DOMESTIC SH,BLK TABBY,Unknown,KITTN,2026-08-23T00:00:00.000,K26-057028,SMM,A444198,2026-09-01T00:00:00.000,2026-09-01T00:00:00.000,0,STRAY,OVER THE COUNTER,TRANSFER,HSSC,UNKNOWN,TREATABLE/REHAB,SANTA ROSA,COUNTY,95407.0,"
,  95407
(38.41266, -122.74124)",1,9828,0.0,13,Recent arrival: less than 31 days of possible follow-up,0,Recorded completed stay
,CAT,DOMESTIC SH,BLK TABBY,Unknown,KITTN,2026-08-23T00:00:00.000,K26-057029,SMM,A444199,2026-09-01T00:00:00.000,2026-09-01T00:00:00.000,0,STRAY,OVER THE COUNTER,TRANSFER,HSSC,UNKNOWN,TREATABLE/REHAB,SANTA ROSA,COUNTY,95407.0,"
,  95407
(38.41266, -122.74124)",1,9829,0.0,13,Recent arrival: less than 31 days of possible follow-up,0,Recorded completed stay
*KATSBY,CAT,DOMESTIC SH,BUFF/WHITE,Male,SMALL,2025-09-02T00:00:00.000,K26-057030,SMM,A444202,2026-09-01T00:00:00.000,,0,STRAY,OVER THE COUNTER,,,UNKNOWN,,SANTA ROSA,,,,1,9830,,13,Ongoing stay: answer not known yet,,
,DOG,POODLE TOY,BROWN,Male,SMALL,,K26-057031,HSSC,A444207,2026-09-01T00:00:00.000,,0,STRAY,FIELD,,,UNKNOWN,,SANTA ROSA,,,,1,9831,,13,Ongoing stay: answer not known yet,,
NEYTIRI,DOG,PIT BULL,RED/WHITE,Spayed,MED,2020-09-01T00:00:00.000,K26-057032,DS88,A396092,2026-09-01T00:00:00.000,2026-09-02T00:00:00.000,1,STRAY,FIELD,RETURN TO OWNER,OVER THE COUNTER_WEB,UNKNOWN,PENDING,SANTA ROSA,SANTA ROSA,95401.0,"
,  95401
(38.44348, -122.72377)",1,9832,1.0,13,Recent arrival: less than 31 days of possible follow-up,0,Recorded completed stay
,DOG,PIT BULL/MIX,BR BRINDLE/WHITE,Female,MED,2025-09-02T00:00:00.000,K26-057033,DS82,A444212,2026-09-02T00:00:00.000,,0,STRAY,FIELD,,,UNKNOWN,,COUNTY,,,,1,9833,,12,Ongoing stay: answer not known yet,,
SMOKEY,DOG,LABRADOR RETR,BLACK,Male,PUPPY,2026-06-02T00:00:00.000,K26-057034,DS57,A444215,2026-09-02T00:00:00.000,2026-09-04T00:00:00.000,2,CONFISCATE,FLD_ARREST,RETURN TO OWNER,OVER THE COUNTER_ARREST,UNKNOWN,PENDING,SANTA ROSA,SANTA ROSA,95401.0,"
,  95401
(38.44348, -122.72377)",1,9834,2.0,12,Recent arrival: less than 31 days of possible follow-up,0,Recorded completed stay
,CAT,DOMESTIC SH,BLACK,Unknown,KITTN,,K26-057035,RECEIVING,A444218,2026-09-02T00:00:00.000,2026-09-02T00:00:00.000,0,STRAY,PHONE,TRANSFER,RP SHELTER,UNKNOWN,HEALTHY,WINDSOR,*ROHNERT PARK,94928.0,"
,  94928
(38.34246, -122.71182)",1,9835,0.0,12,Recent arrival: less than 31 days of possible follow-up,0,Recorded completed stay
,CAT,DOMESTIC SH,BLACK,Unknown,KITTN,,K26-057036,RECEIVING,A444219,2026-09-02T00:00:00.000,2026-09-02T00:00:00.000,0,STRAY,PHONE,TRANSFER,RP SHELTER,UNKNOWN,HEALTHY,WINDSOR,*ROHNERT PARK,94928.0,"
,  94928
(38.34246, -122.71182)",1,9836,0.0,12,Recent arrival: less than 31 days of possible follow-up,0,Recorded completed stay
,CAT,DOMESTIC SH,BLACK,Unknown,KITTN,,K26-057037,RECEIVING,A444220,2026-09-02T00:00:00.000,2026-09-02T00:00:00.000,0,STRAY,PHONE,TRANSFER,RP SHELTER,UNKNOWN,HEALTHY,WINDSOR,*ROHNERT PARK,94928.0,"
,  94928
(38.34246, -122.71182)",1,9837,0.0,12,Recent arrival: less than 31 days of possible follow-up,0,Recorded completed stay
,CAT,DOMESTIC SH,BLACK,Unknown,KITTN,,K26-057038,RECEIVING,A444221,2026-09-02T00:00:00.000,2026-09-02T00:00:00.000,0,STRAY,PHONE,TRANSFER,RP SHELTER,UNKNOWN,HEALTHY,WINDSOR,*ROHNERT PARK,94928.0,"
,  94928
(38.34246, -122.71182)",1,9838,0.0,12,Recent arrival: less than 31 days of possible follow-up,0,Recorded completed stay
,CAT,DOMESTIC SH,BLACK,Unknown,KITTN,,K26-057039,RECEIVING,A444222,2026-09-02T00:00:00.000,2026-09-02T00:00:00.000,0,STRAY,PHONE,TRANSFER,RP SHELTER,UNKNOWN,HEALTHY,WINDSOR,*ROHNERT PARK,94928.0,"
,  94928
(38.34246, -122.71182)",1,9839,0.0,12,Recent arrival: less than 31 days of possible follow-up,0,Recorded completed stay
DOZER,DOG,FRENCH BULLDOG,TAN,Male,SMALL,2020-08-01T00:00:00.000,K26-057041,DS52,A444223,2026-09-02T00:00:00.000,2026-09-02T00:00:00.000,0,STRAY,OVER THE COUNTER,RETURN TO OWNER,OVER THE COUNTER_WEB,UNKNOWN,PENDING,COUNTY,COUNTY,95472.0,"
,  95472
(38.40179, -122.82512)",1,9840,0.0,12,Recent arrival: less than 31 days of possible follow-up,0,Recorded completed stay
,CAT,DOMESTIC SH,GRAY/WHITE,Unknown,KITTN,2026-08-02T00:00:00.000,K26-057042,COOLER,A444224,2026-09-02T00:00:00.000,2026-09-03T00:00:00.000,1,QUARANTINE,FIELD,EUTHANIZE,ILL SEVERE,UNKNOWN,UNTREATABLE,SANTA ROSA,,,,1,9841,1.0,12,Recent arrival: less than 31 days of possible follow-up,0,Recorded completed stay
,CAT,DOMESTIC SH,BRN TABBY,Unknown,KITTN,2026-08-02T00:00:00.000,K26-057043,CS06,A444225,2026-09-02T00:00:00.000,,0,QUARANTINE,FIELD,,,UNKNOWN,,SANTA ROSA,,,,1,9842,,12,Ongoing stay: answer not known yet,,
,CAT,DOMESTIC SH,GRAY/WHITE,Unknown,KITTN,2026-08-02T00:00:00.000,K26-057044,CS06,A444226,2026-09-02T00:00:00.000,,0,QUARANTINE,FIELD,,,UNKNOWN,,SANTA ROSA,,,,1,9843,,12,Ongoing stay: answer not known yet,,
,CAT,DOMESTIC SH,GRAY/WHITE,Unknown,KITTN,2026-08-02T00:00:00.000,K26-057045,CS06,A444227,2026-09-02T00:00:00.000,,0,QUARANTINE,FIELD,,,UNKNOWN,,SANTA ROSA,,,,1,9844,,12,Ongoing stay: answer not known yet,,
,CAT,DOMESTIC SH,GRAY/WHITE,Unknown,KITTN,2026-08-02T00:00:00.000,K26-057046,CS06,A444228,2026-09-02T00:00:00.000,,0,QUARANTINE,FIELD,,,UNKNOWN,,SANTA ROSA,,,,1,9845,,12,Ongoing stay: answer not known yet,,
,CAT,DOMESTIC SH,GRAY/WHITE,Unknown,KITTN,2026-08-02T00:00:00.000,K26-057047,CS06,A444229,2026-09-02T00:00:00.000,,0,QUARANTINE,FIELD,,,UNKNOWN,,SANTA ROSA,,,,1,9846,,12,Ongoing stay: answer not known yet,,
,CAT,DOMESTIC SH,GRAY/WHITE,Unknown,KITTN,2026-08-02T00:00:00.000,K26-057048,CS06,A444230,2026-09-02T00:00:00.000,,0,QUARANTINE,FIELD,,,UNKNOWN,,SANTA ROSA,,,,1,9847,,12,Ongoing stay: answer not known yet,,
,DOG,MALTESE/MIX,GOLD,Male,SMALL,2023-09-02T00:00:00.000,K26-057049,DS53,A444231,2026-09-02T00:00:00.000,,0,STRAY,FIELD,,,UNKNOWN,,SANTA ROSA,,,,1,9848,,12,Ongoing stay: answer not known yet,,
,CAT,DOMESTIC SH,AGOUTI,Unknown,SMALL,,K26-057051,TRUCK,A444233,2026-09-02T00:00:00.000,2026-09-03T00:00:00.000,1,STRAY,FIELD,DISPOSAL,DOA,UNKNOWN,DEAD,COUNTY,,,,1,9849,1.0,12,Recent arrival: less than 31 days of possible follow-up,0,Recorded completed stay
,CAT,DOMESTIC SH,AGOUTI,Unknown,SMALL,,K26-057052,TRUCK,A444234,2026-09-02T00:00:00.000,2026-09-03T00:00:00.000,1,STRAY,FIELD,DISPOSAL,DOA,UNKNOWN,DEAD,COUNTY,,,,1,9850,1.0,12,Recent arrival: less than 31 days of possible follow-up,0,Recorded completed stay
SCRAPPY,DOG,BEAGLE/MIX,CREAM/TAN,Neutered,MED,2019-09-02T00:00:00.000,K26-057053,DS55,A444235,2026-09-02T00:00:00.000,2026-09-10T00:00:00.000,8,STRAY,OVER THE COUNTER,TRANSFER,HSSC,UNKNOWN,PENDING,SANTA ROSA,COUNTY,95407.0,"
,  95407
(38.41266, -122.74124)",1,9851,8.0,12,Recent arrival: less than 31 days of possible follow-up,0,Recorded completed stay
BUDDY,DOG,BEAGLE/MIX,TAN,Neutered,MED,2019-09-02T00:00:00.000,K26-057054,DS55,A444236,2026-09-02T00:00:00.000,2026-09-10T00:00:00.000,8,STRAY,OVER THE COUNTER,TRANSFER,HSSC,UNKNOWN,PENDING,SANTA ROSA,COUNTY,95407.0,"
,  95407
(38.41266, -122.74124)",1,9852,8.0,12,Recent arrival: less than 31 days of possible follow-up,0,Recorded completed stay
MAX,OTHER,COCKATIEL,WHITE/GRAY,Female,SMALL,,K26-057055,FOSTER,A444237,2026-09-02T00:00:00.000,2026-09-10T00:00:00.000,8,CONFISCATE,FLD_ABAND,ADOPTION,REFERRAL-F,UNKNOWN,PENDING,SANTA ROSA,COUNTY,95403.0,"
,  95403
(38.47164, -122.73983)",1,9853,8.0,12,Recent arrival: less than 31 days of possible follow-up,0,Recorded completed stay
*LOLA,CAT,DOMESTIC MH,GRAY TABBY,Female,KITTN,2026-06-29T00:00:00.000,K26-057056,CI01,A444239,2026-09-02T00:00:00.000,,0,STRAY,OVER THE COUNTER,,,UNKNOWN,,COUNTY,,,,1,9854,,12,Ongoing stay: answer not known yet,,
,CAT,DOMESTIC MH,GRAY TABBY/WHITE,Male,KITTN,2026-06-29T00:00:00.000,K26-057057,CI01,A444240,2026-09-02T00:00:00.000,2026-09-04T00:00:00.000,2,STRAY,OVER THE COUNTER,DIED,IN KENNEL,UNKNOWN,DEAD,COUNTY,,,,1,9855,2.0,12,Recent arrival: less than 31 days of possible follow-up,0,Recorded completed stay
,CAT,DOMESTIC SH,GRAY TABBY,Female,SMALL,2024-09-03T00:00:00.000,K26-057059,CS06,A444245,2026-09-02T00:00:00.000,,0,QUARANTINE,FIELD,,,UNKNOWN,,SANTA ROSA,,,,1,9856,,12,Ongoing stay: answer not known yet,,
URANO,DOG,PUG,WHITE/BLACK,Neutered,SMALL,2021-09-03T00:00:00.000,K26-057060,TRUCK,A444253,2026-09-03T00:00:00.000,2026-09-03T00:00:00.000,0,CONFISCATE,FLD_HOSPTL,TRANSFER,HSSC,UNKNOWN,PENDING,PETALUMA,COUNTY,95407.0,"
,  95407
(38.41266, -122.74124)",1,9857,0.0,11,Recent arrival: less than 31 days of possible follow-up,0,Recorded completed stay
,CAT,DOMESTIC SH,BRN TABBY,Female,SMALL,2023-09-04T00:00:00.000,K26-057061,SMM,A444275,2026-09-04T00:00:00.000,,0,STRAY,OVER THE COUNTER,,,UNKNOWN,,SANTA ROSA,,,,1,9858,,10,Ongoing stay: answer not known yet,,
*GARNET,CAT,DOMESTIC SH,BRN TABBY,Female,SMALL,2026-08-04T00:00:00.000,K26-057062,CA03,A444276,2026-09-04T00:00:00.000,,0,STRAY,OVER THE COUNTER,,,UNKNOWN,,SANTA ROSA,,,,1,9859,,10,Ongoing stay: answer not known yet,,
*SABASTIAN,CAT,DOMESTIC SH,LYNX PT,Male,KITTN,2026-08-04T00:00:00.000,K26-057063,CA03,A444277,2026-09-04T00:00:00.000,,0,STRAY,OVER THE COUNTER,,,UNKNOWN,,SANTA ROSA,,,,1,9860,,10,Ongoing stay: answer not known yet,,
*HAWKEYE,CAT,DOMESTIC SH,LYNX PT,Male,SMALL,2026-08-04T00:00:00.000,K26-057064,CA03,A444278,2026-09-04T00:00:00.000,,0,STRAY,OVER THE COUNTER,,,UNKNOWN,,SANTA ROSA,,,,1,9861,,10,Ongoing stay: answer not known yet,,
*OATMEAL,CAT,DOMESTIC SH,LYNX PT,Male,KITTN,2026-08-04T00:00:00.000,K26-057065,CA03,A444279,2026-09-04T00:00:00.000,,0,STRAY,OVER THE COUNTER,,,UNKNOWN,,SANTA ROSA,,,,1,9862,,10,Ongoing stay: answer not known yet,,
,OTHER,CHICKEN,BROWN,Female,SMALL,2024-09-04T00:00:00.000,K26-057067,LS03,A444282,2026-09-04T00:00:00.000,,0,STRAY,OVER THE COUNTER,,,UNKNOWN,,COUNTY,,,,1,9863,,10,Ongoing stay: answer not known yet,,
,OTHER,RABBIT SH,WHITE,Female,SMALL,2024-09-04T00:00:00.000,K26-057068,CS06,A444283,2026-09-04T00:00:00.000,,0,STRAY,FIELD,,,UNKNOWN,,COUNTY,,,,1,9864,,10,Ongoing stay: answer not known yet,,
,DOG,PIT BULL/MIX,WHITE,Male,MED,,K26-057069,HSSC,A444286,2026-09-04T00:00:00.000,,0,STRAY,FIELD,,,UNKNOWN,,PETALUMA,,,,1,9865,,10,Ongoing stay: answer not known yet,,
*CALLIOPE,DOG,PIT BULL/MIX,BLACK/WHITE,Spayed,PUPPY,2026-05-26T00:00:00.000,K26-057071,DA02,A443181,2026-09-04T00:00:00.000,2026-09-05T00:00:00.000,1,ADOPTION RETURN,OVER THE COUNTER,ADOPTION,SCAS WEB,UNKNOWN,HEALTHY,SANTA ROSA,SANTA ROSA,95404.0,"
,  95404
(38.43807, -122.71247)",1,9866,1.0,10,Recent arrival: less than 31 days of possible follow-up,0,Recorded completed stay
BUDDY,DOG,CHIHUAHUA SH/MIX,TRICOLOR,Male,SMALL,2024-09-05T00:00:00.000,K26-057073,DS60,A444295,2026-09-04T00:00:00.000,,0,OWNER SURRENDER,FIELD_OS,,,UNKNOWN,,SANTA ROSA,SANTA ROSA,95401.0,"
,  95401
(38.44348, -122.72377)",1,9867,,10,Ongoing stay: answer not known yet,,
SHORTY,DOG,CHIHUAHUA SH/MIX,TRICOLOR,Male,SMALL,2024-09-05T00:00:00.000,K26-057074,DS58,A444294,2026-09-04T00:00:00.000,,0,OWNER SURRENDER,FIELD_OS,,,UNKNOWN,,SANTA ROSA,SANTA ROSA,95401.0,"
,  95401
(38.44348, -122.72377)",1,9868,,10,Ongoing stay: answer not known yet,,
KAYA,DOG,PIT BULL,BLUE/WHITE,Female,MED,2021-02-20T00:00:00.000,K26-057078,DS61,A439880,2026-09-04T00:00:00.000,,0,CONFISCATE,FLD_ARREST,,,UNKNOWN,,SANTA ROSA,SANTA ROSA,95401.0,"
,  95401
(38.44348, -122.72377)",1,9869,,10,Ongoing stay: answer not known yet,,
,OTHER,QUAIL,BROWN,Unknown,SMALL,,K26-057076,CI01,A444301,2026-09-05T00:00:00.000,2026-09-08T00:00:00.000,3,STRAY,FIELD,DIED,IN KENNEL,UNKNOWN,DEAD,SANTA ROSA,,,,1,9870,3.0,9,Recent arrival: less than 31 days of possible follow-up,0,Recorded completed stay
DAISY,CAT,DOMESTIC SH,BRN TABBY,Female,SMALL,,K26-057077,TRUCK,A444307,2026-09-05T00:00:00.000,2026-09-05T00:00:00.000,0,QUARANTINE,FIELD,TRANSFER,PETCARE,UNKNOWN,DEAD,SANTA ROSA,COUNTY,95446.0,"
,  95446
(38.50204, -122.99739)",1,9871,0.0,9,Recent arrival: less than 31 days of possible follow-up,0,Recorded completed stay
,CAT,DOMESTIC SH,BLACK,Neutered,SMALL,,K26-057079,VET,A444311,2026-09-05T00:00:00.000,2026-09-08T00:00:00.000,3,STRAY,FIELD,DIED,AT VET,UNKNOWN,DEAD,SANTA ROSA,SANTA ROSA,95403.0,"
,  95403
(38.47164, -122.73983)",1,9872,3.0,9,Recent arrival: less than 31 days of possible follow-up,0,Recorded completed stay
,DOG,DACHSHUND/MIX,BLACK/BROWN,Female,SMALL,2026-07-05T00:00:00.000,K26-057080,DS65,A444318,2026-09-05T00:00:00.000,,0,STRAY,FIELD,,,UNKNOWN,,COUNTY,,,,1,9873,,9,Ongoing stay: answer not known yet,,
,DOG,DACHSHUND/MIX,BLACK/BROWN,Male,SMALL,2026-07-05T00:00:00.000,K26-057081,DS64,A444319,2026-09-05T00:00:00.000,,0,STRAY,FIELD,,,UNKNOWN,,COUNTY,,,,1,9874,,9,Ongoing stay: answer not known yet,,
,DOG,DACHSHUND/MIX,BLACK/BROWN,Female,SMALL,2026-07-05T00:00:00.000,K26-057082,DS64,A444320,2026-09-05T00:00:00.000,,0,STRAY,FIELD,,,UNKNOWN,,COUNTY,,,,1,9875,,9,Ongoing stay: answer not known yet,,
,DOG,DACHSHUND/MIX,BLACK/BROWN,Male,SMALL,2026-07-05T00:00:00.000,K26-057083,DS65,A444321,2026-09-05T00:00:00.000,,0,STRAY,FIELD,,,UNKNOWN,,COUNTY,,,,1,9876,,9,Ongoing stay: answer not known yet,,
*DASHA,DOG,DACHSHUND/MIX,BLACK/BROWN,Female,SMALL,2026-07-05T00:00:00.000,K26-057084,DS63,A444322,2026-09-05T00:00:00.000,,0,STRAY,FIELD,,,UNKNOWN,,COUNTY,,,,1,9877,,9,Ongoing stay: answer not known yet,,
*ULI,DOG,DACHSHUND/MIX,BLACK/BROWN,Female,SMALL,2026-07-05T00:00:00.000,K26-057085,DS63,A444323,2026-09-05T00:00:00.000,,0,STRAY,FIELD,,,UNKNOWN,,COUNTY,,,,1,9878,,9,Ongoing stay: answer not known yet,,
*ERMA,DOG,DACHSHUND/MIX,BLACK/BROWN,Female,SMALL,2026-07-05T00:00:00.000,K26-057086,DS63,A444324,2026-09-05T00:00:00.000,,0,STRAY,FIELD,,,UNKNOWN,,COUNTY,,,,1,9879,,9,Ongoing stay: answer not known yet,,
HAYU,DOG,AUST SHEPHERD,BLUE MERLE/TAN,Male,MED,,K26-057089,TRUCK,A444328,2026-09-05T00:00:00.000,2026-09-05T00:00:00.000,0,STRAY,FIELD,RETURN TO OWNER,FLD_PRVS,UNKNOWN,HEALTHY,COUNTY,COUNTY,94952.0,"
,  94952
(38.23262, -122.64426)",1,9880,0.0,9,Recent arrival: less than 31 days of possible follow-up,0,Recorded completed stay
*BEAUREGARD,CAT,DOMESTIC SH,FLAME PT,Male,SMALL,2026-08-05T00:00:00.000,K26-057091,CS04,A444330,2026-09-05T00:00:00.000,2026-09-10T00:00:00.000,5,STRAY,OVER THE COUNTER,TRANSFER,HSSC,UNKNOWN,PENDING,SANTA ROSA,COUNTY,95407.0,"
,  95407
(38.41266, -122.74124)",1,9881,5.0,9,Recent arrival: less than 31 days of possible follow-up,0,Recorded completed stay
*CY,CAT,DOMESTIC SH,BUFF/ORANGE,Male,SMALL,2026-08-05T00:00:00.000,K26-057092,CS04,A444331,2026-09-05T00:00:00.000,2026-09-10T00:00:00.000,5,STRAY,OVER THE COUNTER,TRANSFER,HSSC,UNKNOWN,PENDING,SANTA ROSA,COUNTY,95407.0,"
,  95407
(38.41266, -122.74124)",1,9882,5.0,9,Recent arrival: less than 31 days of possible follow-up,0,Recorded completed stay
*EMBER,CAT,DOMESTIC SH,BRN TABBY/TORTIE,Female,SMALL,2026-08-05T00:00:00.000,K26-057093,CS04,A444332,2026-09-05T00:00:00.000,2026-09-10T00:00:00.000,5,STRAY,OVER THE COUNTER,TRANSFER,HSSC,UNKNOWN,PENDING,SANTA ROSA,COUNTY,95407.0,"
,  95407
(38.41266, -122.74124)",1,9883,5.0,9,Recent arrival: less than 31 days of possible follow-up,0,Recorded completed stay
,DOG,PIT BULL,BLACK/WHITE,Male,MED,2016-09-05T00:00:00.000,K26-057094,DS84,A444334,2026-09-05T00:00:00.000,,0,STRAY,FIELD,,,UNKNOWN,,SANTA ROSA,,,,1,9884,,9,Ongoing stay: answer not known yet,,
,CAT,DOMESTIC SH,BLACK,Female,KITTN,2026-07-25T00:00:00.000,K26-057123,FOSTER,A444397,2026-09-05T00:00:00.000,,0,STRAY,PHONE,,,UNKNOWN,,SANTA ROSA,,,,1,9885,,9,Ongoing stay: answer not known yet,,
,DOG,PIT BULL,WHITE/TAN,Male,MED,,K26-057095,DS80,A444338,2026-09-06T00:00:00.000,,0,STRAY,FIELD,,,UNKNOWN,,COUNTY,,,,1,9886,,8,Ongoing stay: answer not known yet,,
DREW,CAT,SIAMESE,WHITE,Neutered,SMALL,,K26-057096,CS05,A444341,2026-09-06T00:00:00.000,2026-09-12T00:00:00.000,6,QUARANTINE,FIELD,RETURN TO OWNER,OVER THE COUNTER_NOTICE,UNKNOWN,PENDING,SANTA ROSA,SANTA ROSA,95405.0,"
,  95405
(38.44342, -122.69178)",1,9887,6.0,8,Recent arrival: less than 31 days of possible follow-up,0,Recorded completed stay
DUDE,DOG,PIT BULL,BROWN/WHITE,Male,LARGE,2020-07-26T00:00:00.000,K26-057097,DS70,A419284,2026-09-07T00:00:00.000,2026-09-08T00:00:00.000,1,STRAY,FIELD,RETURN TO OWNER,OVER THE COUNTER_CALL,UNKNOWN,PENDING,COUNTY,COUNTY,95446.0,"
,  95446
(38.50204, -122.99739)",1,9888,1.0,7,Recent arrival: less than 31 days of possible follow-up,0,Recorded completed stay
XENA,CAT,DOMESTIC SH,BRN TABBY/WHITE,Neutered,SMALL,2013-09-12T00:00:00.000,K26-057098,CS05,A444343,2026-09-08T00:00:00.000,2026-09-12T00:00:00.000,4,STRAY,FIELD,RETURN TO OWNER,OVER THE COUNTER_WALKIN,UNKNOWN,PENDING,SANTA ROSA,SANTA ROSA,95401.0,"
,  95401
(38.44348, -122.72377)",1,9889,4.0,6,Recent arrival: less than 31 days of possible follow-up,0,Recorded completed stay
BUBBLES,DOG,PUG,TAN/BLACK,Spayed,TOY,2021-09-08T00:00:00.000,K26-057099,DS73,A444344,2026-09-08T00:00:00.000,2026-09-09T00:00:00.000,1,STRAY,FIELD,RETURN TO OWNER,OVER THE COUNTER_WEB,UNKNOWN,PENDING,SANTA ROSA,SANTA ROSA,95409.0,"
,  95409
(38.46382, -122.67058)",1,9890,1.0,6,Recent arrival: less than 31 days of possible follow-up,0,Recorded completed stay
BOB,DOG,GOLDEN RETR,GOLD,Male,LARGE,2025-04-06T00:00:00.000,K26-057100,DS67,A444346,2026-09-08T00:00:00.000,2026-09-08T00:00:00.000,0,STRAY,OVER THE COUNTER,RETURN TO OWNER,OVER THE COUNTER_WEB,UNKNOWN,PENDING,COUNTY,SANTA ROSA,95404.0,"
,  95404
(38.43807, -122.71247)",1,9891,0.0,6,Recent arrival: less than 31 days of possible follow-up,0,Recorded completed stay
YELLOW,OTHER,DUCK/INDIAN RUNNER,WHITE/CREAM,Female,SMALL,2026-03-08T00:00:00.000,K26-057101,LS01,A444353,2026-09-08T00:00:00.000,2026-09-08T00:00:00.000,0,STRAY,FIELD,RETURN TO OWNER,OVER THE COUNTER_WEB,UNKNOWN,PENDING,SANTA ROSA,SANTA ROSA,95404.0,"
,  95404
(38.43807, -122.71247)",1,9892,0.0,6,Recent arrival: less than 31 days of possible follow-up,0,Recorded completed stay
AMARILLO,OTHER,DUCK/INDIAN RUNNER,WHITE/FAWN,Female,SMALL,2026-03-08T00:00:00.000,K26-057102,LS01,A444355,2026-09-08T00:00:00.000,2026-09-08T00:00:00.000,0,STRAY,FIELD,RETURN TO OWNER,OVER THE COUNTER_WEB,UNKNOWN,PENDING,SANTA ROSA,SANTA ROSA,95404.0,"
,  95404
(38.43807, -122.71247)",1,9893,0.0,6,Recent arrival: less than 31 days of possible follow-up,0,Recorded completed stay
*BINGO,CAT,DOMESTIC SH,BLACK/WHITE,Male,SMALL,2025-09-08T00:00:00.000,K26-057103,CS05,A444354,2026-09-08T00:00:00.000,,0,STRAY,OVER THE COUNTER,,,UNKNOWN,,COUNTY,,,,1,9894,,6,Ongoing stay: answer not known yet,,
,DOG,LABRADOR RETR,BLACK,Male,LARGE,2022-09-08T00:00:00.000,K26-057104,DS69,A444358,2026-09-08T00:00:00.000,,0,STRAY,FIELD,,,UNKNOWN,,SANTA ROSA,,,,1,9895,,6,Ongoing stay: answer not known yet,,
,DOG,DACHSHUND,BLACK/TAN,Male,SMALL,,K26-057105,DS57,A444359,2026-09-08T00:00:00.000,,0,STRAY,FIELD,,,UNKNOWN,,SANTA ROSA,,,,1,9896,,6,Ongoing stay: answer not known yet,,
RUE,DOG,PIT BULL,TRICOLOR,Male,MED,,K26-057106,HSSC,A444361,2026-09-08T00:00:00.000,2026-09-10T00:00:00.000,2,CONFISCATE,FLD_ARREST,SHELTER,RP RETURN TO OWNER,UNKNOWN,PENDING,PETALUMA,*ROHNERT PARK,94928.0,"
,  94928
(38.34246, -122.71182)",1,9897,2.0,6,Recent arrival: less than 31 days of possible follow-up,0,Recorded completed stay
WACO,DOG,PIT BULL,TAN,Male,MED,,K26-057107,HSSC,A444360,2026-09-08T00:00:00.000,2026-09-10T00:00:00.000,2,CONFISCATE,FLD_ARREST,SHELTER,RP RETURN TO OWNER,UNKNOWN,PENDING,PETALUMA,*ROHNERT PARK,94928.0,"
,  94928
(38.34246, -122.71182)",1,9898,2.0,6,Recent arrival: less than 31 days of possible follow-up,0,Recorded completed stay
,CAT,DOMESTIC MH,BUFF,Male,SMALL,2024-09-08T00:00:00.000,K26-057108,CS06,A444362,2026-09-08T00:00:00.000,,0,STRAY,FIELD,,,UNKNOWN,,SANTA ROSA,,,,1,9899,,6,Ongoing stay: answer not known yet,,
,CAT,DOMESTIC SH,BRN TABBY,Female,SMALL,2024-09-08T00:00:00.000,K26-057109,CS05,A444363,2026-09-08T00:00:00.000,,0,STRAY,OVER THE COUNTER,,,UNKNOWN,,SANTA ROSA,,,,1,9900,,6,Ongoing stay: answer not known yet,,
*GATOR,CAT,DOMESTIC MH,BRN TABBY/WHITE,Male,SMALL,2026-06-30T00:00:00.000,K26-057110,CS04,A444364,2026-09-08T00:00:00.000,,0,STRAY,OVER THE COUNTER,,,UNKNOWN,,SANTA ROSA,,,,1,9901,,6,Ongoing stay: answer not known yet,,
*ARTEMIS,CAT,DOMESTIC MH,BRN TABBY,Male,SMALL,2026-06-30T00:00:00.000,K26-057111,CS04,A444365,2026-09-08T00:00:00.000,,0,STRAY,OVER THE COUNTER,,,UNKNOWN,,SANTA ROSA,,,,1,9902,,6,Ongoing stay: answer not known yet,,
*BONNIE,CAT,DOMESTIC MH,BRN TABBY,Female,SMALL,2026-06-30T00:00:00.000,K26-057112,CS04,A444366,2026-09-08T00:00:00.000,,0,STRAY,OVER THE COUNTER,,,UNKNOWN,,SANTA ROSA,,,,1,9903,,6,Ongoing stay: answer not known yet,,
,CAT,DOMESTIC SH,BRN TABBY,Male,SMALL,2026-04-08T00:00:00.000,K26-057113,VET,A444368,2026-09-08T00:00:00.000,2026-09-12T00:00:00.000,4,STRAY,OVER THE COUNTER,TRANSFER,PETCARE,UNKNOWN,PENDING,COUNTY,,,,1,9904,4.0,6,Recent arrival: less than 31 days of possible follow-up,0,Recorded completed stay
SHADOW,CAT,DOMESTIC MH,BLACK,Male,SMALL,2025-03-08T00:00:00.000,K26-057114,CS05,A444367,2026-09-08T00:00:00.000,2026-09-09T00:00:00.000,1,STRAY,OVER THE COUNTER,RETURN TO OWNER,OVER THE COUNTER_WEB,UNKNOWN,PENDING,SANTA ROSA,SANTA ROSA,95407.0,"
,  95407
(38.41266, -122.74124)",1,9905,1.0,6,Recent arrival: less than 31 days of possible follow-up,0,Recorded completed stay
TITO,DOG,MALTESE,WHITE,Neutered,SMALL,2016-09-08T00:00:00.000,K26-057116,DS77,A444372,2026-09-08T00:00:00.000,2026-09-08T00:00:00.000,0,STRAY,FIELD,RETURN TO OWNER,OVER THE COUNTER_NOTICE,UNKNOWN,PENDING,SANTA ROSA,OUT OF COUNTY,95445.0,"
,  95445
(38.76737, -123.52958)",1,9906,0.0,6,Recent arrival: less than 31 days of possible follow-up,0,Recorded completed stay
,CAT,DOMESTIC MH,BLACK/WHITE,Female,SMALL,2026-05-09T00:00:00.000,K26-057117,SMM,A444374,2026-09-08T00:00:00.000,,0,STRAY,FIELD,,,UNKNOWN,,SANTA ROSA,,,,1,9907,,6,Ongoing stay: answer not known yet,,
34904,CAT,RUSSIAN BLUE/MIX,GRAY/BLUE,Female,KITTN,2026-07-16T00:00:00.000,K26-057119,HSSC,A444379,2026-09-08T00:00:00.000,,0,STRAY,EMAIL,,,UNKNOWN,,SANTA ROSA,,,,1,9908,,6,Ongoing stay: answer not known yet,,
,DOG,PIT BULL/MIX,BLACK,Female,MED,2017-09-11T00:00:00.000,K26-057120,DS62,A444385,2026-09-09T00:00:00.000,,0,STRAY,FIELD,,,UNKNOWN,,COUNTY,,,,1,9909,,5,Ongoing stay: answer not known yet,,
,OTHER,CHICKEN,BLACK,Female,SMALL,,K26-057121,COOLER,A444394,2026-09-09T00:00:00.000,2026-09-09T00:00:00.000,0,STRAY,FIELD,EUTHANIZE,CON SEVERE,UNKNOWN,UNTREATABLE,SANTA ROSA,,,,1,9910,0.0,5,Recent arrival: less than 31 days of possible follow-up,0,Recorded completed stay
NAVI,CAT,DOMESTIC SH,BLACK/WHITE,Female,SMALL,2023-09-10T00:00:00.000,K26-057122,CS05,A444395,2026-09-09T00:00:00.000,2026-09-10T00:00:00.000,1,STRAY,OVER THE COUNTER,RETURN TO OWNER,OVER THE COUNTER_NOTICE,UNKNOWN,PENDING,COUNTY,SANTA ROSA,95403.0,"
,  95403
(38.47164, -122.73983)",1,9911,1.0,5,Recent arrival: less than 31 days of possible follow-up,0,Recorded completed stay
MAX,DOG,DACHSHUND LH/CHIHUAHUA LH,TAN,Male,SMALL,2024-09-09T00:00:00.000,K26-057124,DS74,A444398,2026-09-09T00:00:00.000,2026-09-09T00:00:00.000,0,CONFISCATE,FIELD,RETURN TO OWNER,OVER THE COUNTER_NOTICE,UNKNOWN,PENDING,SANTA ROSA,COUNTY,95476.0,"
,  95476
(38.29188, -122.45728)",1,9912,0.0,5,Recent arrival: less than 31 days of possible follow-up,0,Recorded completed stay
SASHA,DOG,WHIPPET/MIX,BLACK/TAN,Spayed,MED,2024-08-24T00:00:00.000,K26-057126,DS70,A444028,2026-09-09T00:00:00.000,2026-09-10T00:00:00.000,1,STRAY,FIELD,RETURN TO OWNER,OVER THE COUNTER_NOTICE,UNKNOWN,PENDING,SANTA ROSA,SANTA ROSA,95403.0,"
,  95403
(38.47164, -122.73983)",1,9913,1.0,5,Recent arrival: less than 31 days of possible follow-up,0,Recorded completed stay
,CAT,DOMESTIC LH,BLACK/WHITE,Neutered,SMALL,2016-09-10T00:00:00.000,K26-057128,EUTH,A444408,2026-09-10T00:00:00.000,2026-09-10T00:00:00.000,0,STRAY,OVER THE COUNTER,EUTHANIZE,CON SEVERE,UNKNOWN,UNTREATABLE,COUNTY,,,,1,9914,0.0,4,Recent arrival: less than 31 days of possible follow-up,0,Recorded completed stay
,OTHER,BAT,BLACK,Unknown,SMALL,,K26-057129,EUTH,A444410,2026-09-10T00:00:00.000,2026-09-10T00:00:00.000,0,QUARANTINE,OVER THE COUNTER,EUTHANIZE,FRA,UNKNOWN,HEALTHY,COUNTY,,,,1,9915,0.0,4,Recent arrival: less than 31 days of possible follow-up,0,Recorded completed stay
MARCO,DOG,BORDER COLLIE,BLACK/WHITE,Male,MED,,K26-057131,HSSC,A444414,2026-09-10T00:00:00.000,2026-09-11T00:00:00.000,1,STRAY,FIELD,SHELTER,RP RETURN TO OWNER,UNKNOWN,PENDING,PETALUMA,COUNTY,94952.0,"
,  94952
(38.23262, -122.64426)",1,9916,1.0,4,Recent arrival: less than 31 days of possible follow-up,0,Recorded completed stay
,DOG,PIT BULL,BROWN/WHITE,Male,LARGE,2023-09-10T00:00:00.000,K26-057132,DS70,A444420,2026-09-10T00:00:00.000,,0,CONFISCATE,FLD_ABAND,,,UNKNOWN,,COUNTY,,,,1,9917,,4,Ongoing stay: answer not known yet,,
,CAT,DOMESTIC SH,GRAY TABBY/WHITE,Female,SMALL,2026-03-10T00:00:00.000,K26-057133,CA03,A444423,2026-09-10T00:00:00.000,,0,STRAY,EMAIL,,,UNKNOWN,,COUNTY,,,,1,9918,,4,Ongoing stay: answer not known yet,,
BEEBEE,DOG,CHIHUAHUA LH/MIX,CREAM,Spayed,SMALL,,K26-057134,VET,A444427,2026-09-10T00:00:00.000,2026-09-11T00:00:00.000,1,CONFISCATE,FLD_CRUEL,VET,VET RETURN TO OWNER,UNKNOWN,PENDING,SANTA ROSA,,,,1,9919,1.0,4,Recent arrival: less than 31 days of possible follow-up,0,Recorded completed stay
AUTUMN,DOG,MALTESE/MIX,CREAM,Spayed,SMALL,,K26-057135,VET,A444426,2026-09-10T00:00:00.000,2026-09-11T00:00:00.000,1,CONFISCATE,FLD_CRUEL,VET,VET RETURN TO OWNER,UNKNOWN,PENDING,SANTA ROSA,,,,1,9920,1.0,4,Recent arrival: less than 31 days of possible follow-up,0,Recorded completed stay
34911,CAT,DOMESTIC SH,LILAC PT/GRAY TABBY,Female,SMALL,2024-09-11T00:00:00.000,K26-057136,HEALDSBURG,A444428,2026-09-10T00:00:00.000,,0,STRAY,EMAIL,,,UNKNOWN,,WINDSOR,,,,1,9921,,4,Ongoing stay: answer not known yet,,
34912,CAT,DOMESTIC SH,GRAY,Female,KITTN,2026-08-27T00:00:00.000,K26-057137,HEALDSBURG,A444429,2026-09-10T00:00:00.000,,0,STRAY,EMAIL,,,UNKNOWN,,WINDSOR,,,,1,9922,,4,Ongoing stay: answer not known yet,,
34913,CAT,DOMESTIC SH,GRAY,Female,KITTN,2026-08-27T00:00:00.000,K26-057138,HEALDSBURG,A444430,2026-09-10T00:00:00.000,,0,STRAY,EMAIL,,,UNKNOWN,,WINDSOR,,,,1,9923,,4,Ongoing stay: answer not known yet,,
34914,CAT,DOMESTIC SH,GRAY,Female,KITTN,2026-08-27T00:00:00.000,K26-057139,HEALDSBURG,A444431,2026-09-10T00:00:00.000,,0,STRAY,EMAIL,,,UNKNOWN,,WINDSOR,,,,1,9924,,4,Ongoing stay: answer not known yet,,
34915,CAT,DOMESTIC SH,GRAY,Male,KITTN,2026-08-27T00:00:00.000,K26-057140,HEALDSBURG,A444432,2026-09-10T00:00:00.000,,0,STRAY,EMAIL,,,UNKNOWN,,WINDSOR,,,,1,9925,,4,Ongoing stay: answer not known yet,,
34916,CAT,DOMESTIC SH,GRAY,Male,KITTN,2026-08-27T00:00:00.000,K26-057141,HEALDSBURG,A444433,2026-09-10T00:00:00.000,,0,STRAY,EMAIL,,,UNKNOWN,,WINDSOR,,,,1,9926,,4,Ongoing stay: answer not known yet,,
SNOORFY,CAT,PERSIAN,ORANGE,Male,SMALL,2018-09-11T00:00:00.000,K26-057142,CS05,A444434,2026-09-11T00:00:00.000,2026-09-11T00:00:00.000,0,STRAY,OVER THE COUNTER,RETURN TO OWNER,OVER THE COUNTER_CALL,UNKNOWN,PENDING,SANTA ROSA,SANTA ROSA,95409.0,"
,  95409
(38.46382, -122.67058)",1,9927,0.0,3,Recent arrival: less than 31 days of possible follow-up,0,Recorded completed stay
,DOG,GERM SHEPHERD,BLACK/BROWN,Male,MED,2022-09-11T00:00:00.000,K26-057143,DS74,A444436,2026-09-11T00:00:00.000,,0,STRAY,FIELD,,,UNKNOWN,,SANTA ROSA,,,,1,9928,,3,Ongoing stay: answer not known yet,,
SHEBA,DOG,SIBERIAN HUSKY,TAN/WHITE,Spayed,MED,2015-01-14T00:00:00.000,K26-057144,HSSC,A331887,2026-09-11T00:00:00.000,2026-09-12T00:00:00.000,1,CONFISCATE,FLD_CORONR,TRANSFER,HSSC,UNKNOWN,PENDING,PETALUMA,PETALUMA,94952.0,"
,  94952
(38.23262, -122.64426)",1,9929,1.0,3,Recent arrival: less than 31 days of possible follow-up,0,Recorded completed stay
BLAZE,DOG,SIBERIAN HUSKY/GERM SHEPHERD,WHITE,Male,MED,2018-10-07T00:00:00.000,K26-057145,HSSC,A429532,2026-09-11T00:00:00.000,2026-09-12T00:00:00.000,1,CONFISCATE,FLD_CORONR,TRANSFER,HSSC,UNKNOWN,PENDING,PETALUMA,PETALUMA,94952.0,"
,  94952
(38.23262, -122.64426)",1,9930,1.0,3,Recent arrival: less than 31 days of possible follow-up,0,Recorded completed stay
ATARI,DOG,FRENCH BULLDOG,BLUE MERLE,Male,SMALL,2025-06-15T00:00:00.000,K26-057148,DS86,A444445,2026-09-11T00:00:00.000,2026-09-12T00:00:00.000,1,STRAY,OVER THE COUNTER,RETURN TO OWNER,OVER THE COUNTER_WEB,UNKNOWN,PENDING,SANTA ROSA,SANTA ROSA,95403.0,"
,  95403
(38.47164, -122.73983)",1,9931,1.0,3,Recent arrival: less than 31 days of possible follow-up,0,Recorded completed stay
NIKO,DOG,PIT BULL,BLACK/WHITE,Male,MED,2025-09-11T00:00:00.000,K26-057149,DS71,A444446,2026-09-11T00:00:00.000,,0,OWNER SURRENDER,FIELD,,,UNKNOWN,,SANTA ROSA,COUNTY,95407.0,"
,  95407
(38.41266, -122.74124)",1,9932,,3,Ongoing stay: answer not known yet,,
34931,CAT,DOMESTIC SH,TORTIE,Female,KITTN,2026-08-11T00:00:00.000,K26-057150,HSSC,A444447,2026-09-11T00:00:00.000,,0,STRAY,EMAIL,,,UNKNOWN,,COUNTY,,,,1,9933,,3,Ongoing stay: answer not known yet,,
,OTHER,BAT,BROWN,Unknown,SMALL,,K26-057168,EUTH,A444465,2026-09-12T00:00:00.000,2026-09-12T00:00:00.000,0,QUARANTINE,FIELD,EUTHANIZE,FRA,UNKNOWN,HEALTHY,COUNTY,,,,1,9934,0.0,2,Recent arrival: less than 31 days of possible follow-up,0,Recorded completed stay
,CAT,DOMESTIC SH,BLACK/WHITE,Unknown,SMALL,,K26-057169,COOLER,A444468,2026-09-12T00:00:00.000,2026-09-12T00:00:00.000,0,STRAY,OVER THE COUNTER,DISPOSAL,DOA,UNKNOWN,DEAD,COUNTY,,,,1,9935,0.0,2,Recent arrival: less than 31 days of possible follow-up,0,Recorded completed stay
CHAI,DOG,ALASKAN HUSKY,WHITE/BROWN,Female,MED,2023-09-12T00:00:00.000,K26-057170,DS76,A444478,2026-09-12T00:00:00.000,,0,STRAY,FIELD,,,UNKNOWN,,*ROHNERT PARK,OUT OF COUNTY,95694.0,"
,  95694
(38.52193, -121.97074)",1,9936,,2,Ongoing stay: answer not known yet,,
DAISY,CAT,DOMESTIC SH,BLACK/WHITE,Spayed,SMALL,,K26-057171,CI02,A444392,2026-09-13T00:00:00.000,,0,OWNER SURRENDER,FIELD_OS,,,UNKNOWN,,SANTA ROSA,SANTA ROSA,95401.0,"
,  95401
(38.44348, -122.72377)",1,9937,,1,Ongoing stay: answer not known yet,,
,OTHER,BAT,BROWN,Unknown,SMALL,,K26-057172,TRUCK,A444486,2026-09-13T00:00:00.000,2026-09-13T00:00:00.000,0,QUARANTINE,FIELD,EUTHANIZE,FRA,UNKNOWN,UNTREATABLE,SANTA ROSA,,,,1,9938,0.0,1,Recent arrival: less than 31 days of possible follow-up,0,Recorded completed stay
LEGEND,DOG,SIBERIAN HUSKY,WHITE/TAN,Male,LARGE,2025-03-12T00:00:00.000,K26-057173,DS73,A443947,2026-09-13T00:00:00.000,,0,CONFISCATE,FLD_HOSPTL,,,UNKNOWN,,SANTA ROSA,SANTA ROSA,95404.0,"
,  95404
(38.43807, -122.71247)",1,9939,,1,Ongoing stay: answer not known yet,,
KAI,DOG,PIT BULL/MIX,WHITE/BROWN,Male,LARGE,,K26-057175,DS72,A444491,2026-09-14T00:00:00.000,,0,CONFISCATE,FLD_ARREST,,,UNKNOWN,,COUNTY,,95336.0,"
,  95336
(37.80103, -121.21144)",1,9940,,0,Ongoing stay: answer not known yet,,
