breed,records,long_stays,long_stay_percent
DOMESTIC SH,1592,634,39.824120603015075
PIT BULL,325,103,31.692307692307693
PIT BULL/MIX,250,70,28.0
GERM SHEPHERD,217,63,29.032258064516128
CHICKEN,214,46,21.49532710280374
DOMESTIC MH,202,92,45.54455445544554
CHIHUAHUA SH,177,35,19.774011299435028
GERM SHEPHERD/MIX,169,64,37.8698224852071
SIBERIAN HUSKY,148,37,25.0
BAT,121,4,3.3057851239669422
LABRADOR RETR/MIX,113,45,39.823008849557525
DOMESTIC LH,108,32,29.62962962962963
CHIHUAHUA SH/MIX,102,30,29.41176470588235
AUST CATTLE DOG,75,37,49.333333333333336
BORDER COLLIE,69,39,56.52173913043478
LABRADOR RETR,69,7,10.144927536231885
SIBERIAN HUSKY/MIX,61,23,37.704918032786885
GREAT PYRENEES,57,10,17.54385964912281
FRENCH BULLDOG,56,8,14.285714285714286
BORDER COLLIE/MIX,47,10,21.27659574468085
GUINEA PIG,43,23,53.48837209302326
AUST SHEPHERD/MIX,34,8,23.529411764705884
AUST CATTLE DOG/MIX,34,11,32.35294117647059
POODLE MIN/MIX,34,4,11.764705882352942
BELG MALINOIS,33,9,27.272727272727273
ALASKAN HUSKY,33,7,21.21212121212121
GOAT,32,2,6.25
PARSON RUSS TER/MIX,30,10,33.333333333333336
POMERANIAN,29,2,6.896551724137931
POODLE MIN,29,7,24.137931034482758
DOBERMAN PINSCH,29,10,34.48275862068966
RABBIT SH,28,20,71.42857142857143
SIAMESE,27,10,37.03703703703704
ROTTWEILER/MIX,25,9,36.0
BELG MALINOIS/MIX,25,12,48.0
CHIHUAHUA LH/MIX,25,7,28.0
AUST SHEPHERD,23,4,17.391304347826086
DACHSHUND/MIX,22,2,9.090909090909092
PUG,21,2,9.523809523809524
YORKSHIRE TERR/MIX,21,2,9.523809523809524
SHIH TZU,21,5,23.80952380952381
SHEEP,20,9,45.0
SIAMESE/MIX,19,3,15.789473684210526
PARSON RUSS TER,19,3,15.789473684210526
ROTTWEILER,18,1,5.555555555555555
YORKSHIRE TERR,18,5,27.77777777777778
BEAGLE/MIX,18,4,22.22222222222222
LABRADOR RETR/PIT BULL,16,4,25.0
DUCK,16,3,18.75
ENG BULLDOG,15,1,6.666666666666667
CATAHOULA/MIX,15,5,33.333333333333336
SCHNAUZER MIN/MIX,14,3,21.428571428571427
HORSE,14,3,21.428571428571427
PIT BULL/LABRADOR RETR,13,1,7.6923076923076925
MASTIFF,13,4,30.76923076923077
GREAT PYRENEES/MIX,12,6,50.0
MALTESE,12,1,8.333333333333334
GERM SHEPHERD/SIBERIAN HUSKY,12,2,16.666666666666668
AM PIT BULL TER/MIX,12,3,25.0
BOXER/MIX,11,5,45.45454545454545
BAT/MEX FREE-TAIL,11,0,0.0
PERSIAN,11,11,100.0
DACHSHUND,10,0,0.0
RAT TERRIER/MIX,10,5,50.0
DOGO ARGENTINO/LABRADOR RETR,10,0,0.0
ENG BULLDOG/MIX,10,1,10.0
ANATOL SHEPHERD,10,2,20.0
WELSH CORGI CAR/MIX,10,4,40.0
EXOTIC SH,10,10,100.0
SHIH TZU/MIX,10,0,0.0
BOSTON TERRIER,9,0,0.0
GOLDEN RETR,9,0,0.0
DOMESTIC SH/MIX,9,8,88.88888888888889
GERM SHEPHERD/PIT BULL,9,5,55.55555555555556
MALTESE/MIX,9,1,11.11111111111111
SCHNAUZER MIN,9,0,0.0
STAFFORDSHIRE,8,2,25.0
POINTER,8,0,0.0
HAVANA/MIX,8,7,87.5
PAPILLON/MIX,8,0,0.0
PIGEON,8,3,37.5
TOY FOX TERRIER/MIX,8,2,25.0
CHIHUAHUA LH,7,0,0.0
PARSON RUSS TER/CHIHUAHUA SH,7,0,0.0
WELSH CORGI PEM/MIX,7,2,28.571428571428573
RAT TERRIER,7,1,14.285714285714286
DACHSHUND/POODLE MIN,7,1,14.285714285714286
CAIRN TERRIER/MIX,7,3,42.857142857142854
BEAGLE,7,0,0.0
POMERANIAN/MIX,7,1,14.285714285714286
BULL TERRIER,7,1,14.285714285714286
DOBERMAN PINSCH/MIX,7,2,28.571428571428573
BULLDOG,6,1,16.666666666666668
AFFENPINSCHER,6,0,0.0
AKITA,6,1,16.666666666666668
LABRADOR RETR/POODLE STND,6,2,33.333333333333336
PUG/MIX,6,3,50.0
MIN PINSCHER,6,2,33.333333333333336
CANE CORSO,6,1,16.666666666666668
SAMOYED,6,0,0.0
BOXER,6,1,16.666666666666668
STAFFORDSHIRE/MIX,6,3,50.0
AUST CATTLE DOG/LABRADOR RETR,6,6,100.0
CHIHUAHUA SH/PARSON RUSS TER,6,2,33.333333333333336
CHIHUAHUA SH/DACHSHUND,6,1,16.666666666666668
PARAKEET,5,0,0.0
GERM SHEPHERD/AUST SHEPHERD,5,1,20.0
PARSON RUSS TER/DACHSHUND,5,0,0.0
YORKSHIRE TERR/DACHSHUND,5,0,0.0
RHOD RIDGEBACK/MIX,5,2,40.0
LABRADOR RETR/GERM SHEPHERD,5,2,40.0
LABRADOR RETR/DOBERMAN PINSCH,5,0,0.0
AUST KELPIE/MIX,5,1,20.0
RABBIT LH,5,3,60.0
CAIRN TERRIER,5,0,0.0
GERM SHEPHERD/REDBONE HOUND,5,4,80.0
DACHSHUND/CHIHUAHUA SH,5,2,40.0
FOX TERR SMOOTH/MIX,5,3,60.0
PUG/BEAGLE,5,0,0.0
POMERANIAN/CHIHUAHUA LH,5,0,0.0
PIT BULL/BOXER,5,1,20.0
MIN PINSCHER/MIX,5,2,40.0
HAMSTER,5,2,40.0
ANATOL SHEPHERD/MIX,5,4,80.0
AUST KELPIE/PIT BULL,5,3,60.0
MASTIFF/MIX,4,1,25.0
CAVALIER SPAN/MIX,4,0,0.0
COCKER SPAN/MIX,4,1,25.0
NORFOLK TERRIER/MIX,4,1,25.0
AMERICAN STAFF/MIX,4,1,25.0
CAIRN TERRIER/MALTESE,4,0,0.0
BORDER TERRIER/MIX,4,1,25.0
POODLE MIN/LABRADOR RETR,4,0,0.0
BULLMASTIFF/PIT BULL,4,0,0.0
SIBERIAN HUSKY/GERM SHEPHERD,4,2,50.0
SCOT TERRIER/MIX,4,1,25.0
ALASK MALAMUTE/MIX,4,2,50.0
BELG MALINOIS/PIT BULL,4,3,75.0
LIZARD,4,0,0.0
FRENCH BULLDOG/MIX,4,2,50.0
DOGO ARGENTINO,4,0,0.0
ALASKAN HUSKY/MIX,4,2,50.0
ALASK MALAMUTE,4,2,50.0
AM PIT BULL TER,4,0,0.0
DOVE,4,0,0.0
TURTLE,4,0,0.0
GERM SHEPHERD/GREAT PYRENEES,4,1,25.0
GOLDEN RETR/MIX,4,1,25.0
CATAHOULA,4,1,25.0
POINTER/MIX,4,0,0.0
PATTERDALE TERR/MIX,4,3,75.0
PIT BULL/AUST CATTLE DOG,4,2,50.0
FOX TERR WIRE,4,0,0.0
GERM SHEPHERD/AUST CATTLE DOG,4,0,0.0
TR WALKER HOUND/MIX,4,1,25.0
PEAFOWL,4,3,75.0
POODLE STND/MIX,4,0,0.0
CHIHUAHUA LH/POMERANIAN,4,0,0.0
REDBONE HOUND,4,2,50.0
CATAHOULA/PIT BULL,4,4,100.0
JACK/MIX,3,1,33.333333333333336
GREAT PYRENEES/SIBERIAN HUSKY,3,0,0.0
AKITA/WOLF,3,0,0.0
LABRADOR RETR/BORDER COLLIE,3,3,100.0
BICHON FRISE,3,0,0.0
SCOT TERRIER,3,0,0.0
TIBETAN TERR,3,0,0.0
AUST SHEPHERD/BORDER COLLIE,3,0,0.0
SKUNK,3,0,0.0
LHASA APSO,3,0,0.0
BEAGLE/GERM SHEPHERD,3,0,0.0
TIBETAN TERR/MIX,3,1,33.333333333333336
BENGAL/MIX,3,1,33.333333333333336
RHOD RIDGEBACK/ANATOL SHEPHERD,3,1,33.333333333333336
BULLMASTIFF/MIX,3,0,0.0
QUEENSLAND HEEL/MIX,3,0,0.0
BORDER COLLIE/GERM SHEPHERD,3,1,33.333333333333336
AMERICAN STAFF,3,1,33.333333333333336
QUEENSLAND HEEL,3,0,0.0
CALIFORNIAN/MIX,3,1,33.333333333333336
POODLE STND/LABRADOR RETR,3,2,66.66666666666667
CHIHUAHUA SH/PUG,3,0,0.0
CHIHUAHUA SH/YORKSHIRE TERR,3,1,33.333333333333336
REDBONE HOUND/GERM SHEPHERD,3,3,100.0
CHINCHILLA,3,0,0.0
HAVANESE,3,0,0.0
MASTIFF/LABRADOR RETR,3,0,0.0
POODLE STND/GOLDEN RETR,3,0,0.0
POODLE STND,3,1,33.333333333333336
DUTCH/MIX,3,3,100.0
DUTCH SHEPHERD/MIX,3,2,66.66666666666667
PLOTT HOUND/MIX,3,3,100.0
COCKATOO,3,0,0.0
CHOW CHOW/MIX,3,2,66.66666666666667
GERM SHEPHERD/BEAGLE,3,0,0.0
GERM SHEPHERD/ALASKAN HUSKY,3,0,0.0
GREAT DANE/GREAT PYRENEES,3,3,100.0
MALTESE/POODLE TOY,3,1,33.333333333333336
GERM SHEPHERD/BORDER COLLIE,3,0,0.0
FOX TERR SMOOTH,3,1,33.333333333333336
MALTESE/POODLE MIN,3,0,0.0
AMER BULLDOG/MIX,3,1,33.333333333333336
AMER BULLDOG,3,0,0.0
AIREDALE TERR/MIX,3,0,0.0
ALASKAN HUSKY/GERM SHEPHERD,3,0,0.0
AKBASH,2,1,50.0
WEST HIGHLAND/MIX,2,0,0.0
SIBERIAN HUSKY/LABRADOR RETR,2,0,0.0
ALASKAN HUSKY/PIT BULL,2,2,100.0
AM PIT BULL TER/BULLDOG,2,2,100.0
TORTOISE,2,0,0.0
TOY FOX TERRIER,2,0,0.0
TR WALKER HOUND,2,0,0.0
TREEING CUR/PIT BULL,2,0,0.0
ALASK KLEE KAI,2,0,0.0
PAPILLON/CHIHUAHUA LH,2,1,50.0
MANCHESTER TERR,2,2,100.0
GERM SHEPHERD/BOXER,2,0,0.0
GERM SHEPHERD/GOLDEN RETR,2,0,0.0
GERM SHEPHERD/MASTIFF,2,0,0.0
FLAT COAT RETR/MIX,2,2,100.0
FOX,2,0,0.0
GREAT DANE,2,1,50.0
ENG COONHOUND/MIX,2,0,0.0
ENG SETTER,2,0,0.0
ENGLISH SPOT,2,2,100.0
DACHSHUND WH/MIX,2,0,0.0
GERM SH POINT,2,1,50.0
CHINESE SHARPEI/MIX,2,0,0.0
PEKINGESE/MIX,2,1,50.0
PIG,2,0,0.0
PIT BULL/AMER BULLDOG,2,2,100.0
NEWFOUNDLAND/MIX,2,1,50.0
DACHSHUND LH/MIX,2,1,50.0
POODLE TOY,2,0,0.0
PIT BULL/GERM SHEPHERD,2,1,50.0
COCKER SPAN,2,0,0.0
COCKER SPAN/POODLE MIN,2,0,0.0
NEW ZEALAND WHT/MIX,2,1,50.0
LABRADOR RETR/POODLE MIN,2,2,100.0
LABRADOR RETR/ROTTWEILER,2,1,50.0
CHECKERED GIANT,2,2,100.0
CHICKEN/RED,2,0,0.0
BRITTANY,2,0,0.0
BLUETICK HOUND/MIX,2,0,0.0
RAT,2,0,0.0
RHOD RIDGEBACK,2,0,0.0
BORDER COLLIE/PIT BULL,2,1,50.0
BULLDOG/MIX,2,0,0.0
CANARY,2,0,0.0
BLACK/TAN HOUND/MIX,2,1,50.0
RUSSIAN BLUE,2,1,50.0
SCHIPPERKE/MIX,2,0,0.0
BORDER COLLIE/LABRADOR RETR,2,1,50.0
ANGORA-ENGLISH/MIX,2,1,50.0
ROTTWEILER/SIBERIAN HUSKY,2,0,0.0
BEAGLE/CHIHUAHUA SH,2,0,0.0
LHASA APSO/MIX,2,0,0.0
JAPAN BOBTAIL/MIX,2,2,100.0
ABYSSINIAN,2,2,100.0
AKITA/MIX,1,0,0.0
AKITA/PIT BULL,1,0,0.0
ALASK KLEE KAI/MIX,1,0,0.0
WEIMARANER/MIX,1,1,100.0
VIZSLA,1,0,0.0
TURKEY,1,1,100.0
TIBETAN TERR/POODLE MIN,1,0,0.0
WELSH CORGI PEM/CHIHUAHUA SH,1,0,0.0
WELSH CORGI PEM/CAVALIER SPAN,1,1,100.0
WELSH CORGI PEM,1,0,0.0
AMERICAN,1,1,100.0
AMER ESKIMO/MIX,1,0,0.0
AMER ESKIMO,1,1,100.0
AMER BULLDOG/BOSTON TERRIER,1,0,0.0
AM PIT BULL TER/LABRADOR RETR,1,0,0.0
GREAT PYRENEES/LABRADOR RETR,1,0,0.0
LABRADOR RETR/MASTIFF,1,1,100.0
LABRADOR RETR/GOLDEN RETR,1,0,0.0
LABRADOR RETR/BELG MALINOIS,1,1,100.0
LABRADOR RETR/AUST KELPIE,1,0,0.0
LABRADOR RETR/ALASKAN HUSKY,1,0,0.0
KUVASZ/MIX,1,0,0.0
KOMONDOR,1,0,0.0
KEESHOND/MIX,1,0,0.0
JACK/CHIHUAHUA SH,1,1,100.0
MALTESE/BASSET HOUND,1,1,100.0
MAINE COON/MIX,1,1,100.0
MACAW,1,0,0.0
LOP-HOLLAND,1,1,100.0
LOP-ENGLISH/MIX,1,0,0.0
LOP-AMER FUZZY,1,0,0.0
LLAMA,1,1,100.0
GOLDEN RETR/ALASK MALAMUTE,1,1,100.0
GERM WH POINT/MIX,1,1,100.0
JACK,1,0,0.0
IRISH TERRIER/MIX,1,0,0.0
HOTOT,1,1,100.0
HIMALAYAN,1,0,0.0
HAVANESE/PARSON RUSS TER,1,0,0.0
HARRIER,1,0,0.0
HARLEQUIN,1,1,100.0
LABRADOR RETR/SIBERIAN HUSKY,1,0,0.0
MOUSE,1,1,100.0
MIN PINSCHER/CHIHUAHUA SH,1,1,100.0
MASTIFF/GERM SHEPHERD,1,0,0.0
MAREMMA SHEEPDG,1,0,0.0
MANX/MIX,1,1,100.0
GERM SHEPHERD/BEARDED COLLIE,1,1,100.0
GREAT DANE/RHOD RIDGEBACK,1,0,0.0
GREAT DANE/MIX,1,1,100.0
GREAT DANE/BELG MALINOIS,1,0,0.0
GR SWISS MTN/MIX,1,0,0.0
GOOSE,1,0,0.0
GOLDEN RETR/POODLE MIN,1,0,0.0
GOLDEN RETR/PIT BULL,1,1,100.0
GOLDEN RETR/COCKER SPAN,1,1,100.0
ENGLISH SPOT/MIX,1,1,100.0
GERM SHEPHERD/ROTTWEILER,1,1,100.0
GERM SHEPHERD/LABRADOR RETR,1,1,100.0
GERM SHEPHERD/CATAHOULA,1,0,0.0
MANX,1,0,0.0
PARSON RUSS TER/ITAL GREYHOUND,1,1,100.0
PAPILLON/CHIHUAHUA SH,1,0,0.0
PAPILLON/BRITTANY,1,0,0.0
PAPILLON,1,0,0.0
DONKEY,1,0,0.0
GERM SH POINT/MIX,1,1,100.0
GERM SH POINT/LABRADOR RETR,1,0,0.0
GERM SH POINT/AUST CATTLE DOG,1,0,0.0
GAMEFOWL,1,1,100.0
FOX TERR WIRE/MIX,1,0,0.0
DACHSHUND/MIN PINSCHER,1,0,0.0
DACHSHUND/GERM SHEPHERD,1,0,0.0
ENG SPRNGR SPAN,1,0,0.0
ENG FOXHOUND,1,0,0.0
ENG BULLDOG/PIT BULL,1,0,0.0
DUTCH SHEPHERD,1,1,100.0
OPOSSUM,1,0,0.0
OLD ENG BULLDOG,1,0,0.0
NORFOLK TERRIER,1,0,0.0
PIT BULL/BEARDED COLLIE,1,0,0.0
PIT BULL/ALASKAN HUSKY,1,1,100.0
PICARDY SHEEPDG/MIX,1,1,100.0
PHARAOH HOUND/MIX,1,1,100.0
CHINESE SHARPEI/FOX TERR SMOOTH,1,1,100.0
CHINESE SHARPEI/CHIHUAHUA SH,1,1,100.0
CHINESE SHARPEI/BEAGLE,1,1,100.0
CHINESE SHARPEI/AUST CATTLE DOG,1,0,0.0
DOMESTIC LH/SIAMESE,1,0,0.0
DOGO ARGENTINO/AKITA,1,0,0.0
DALMATIAN/PIT BULL,1,0,0.0
DACHSHUND/SHIH TZU,1,0,0.0
PEKINGESE/CHIHUAHUA SH,1,1,100.0
PARSON RUSS TER/WELSH CORGI PEM,1,0,0.0
PARSON RUSS TER/WELSH CORGI CAR,1,0,0.0
POMERANIAN/BEAGLE,1,0,0.0
PIT BULL/SIBERIAN HUSKY,1,0,0.0
PIT BULL/RHOD RIDGEBACK,1,0,0.0
PIT BULL/MASTIFF,1,0,0.0
CHIHUAHUA SH/AUST CATTLE DOG,1,0,0.0
CHIHUAHUA LH/SHIH TZU,1,0,0.0
DACHSHUND WH/LHASA APSO,1,0,0.0
COCKER SPAN/CHIHUAHUA SH,1,0,0.0
COCHIN,1,0,0.0
CHOW CHOW,1,0,0.0
PIT BULL/CATAHOULA,1,0,0.0
PIT BULL/BULLMASTIFF,1,0,0.0
PIT BULL/BORDER COLLIE,1,0,0.0
PUG/SIBERIAN HUSKY,1,0,0.0
POTBELLY PIG,1,1,100.0
POODLE MIN/PARSON RUSS TER,1,0,0.0
CAROLINA DOG/MIX,1,1,100.0
CAROLINA DOG,1,0,0.0
CANE CORSO/PIT BULL,1,0,0.0
CANE CORSO/MIX,1,0,0.0
CANE CORSO/GERM SHEPHERD,1,0,0.0
CHINESE SHARPEI,1,0,0.0
CHINESE CRESTED,1,0,0.0
CHIHUAHUA SH/SCHIPPERKE,1,1,100.0
CHIHUAHUA SH/RAT TERRIER,1,0,0.0
CHIHUAHUA SH/ITAL GREYHOUND,1,0,0.0
BULL TERR MIN,1,0,0.0
BRUSS GRIFFON/MIX,1,0,0.0
BRUSS GRIFFON,1,0,0.0
CHESA BAY RETR,1,0,0.0
CAVALIER SPAN,1,0,0.0
CATAHOULA/LABRADOR RETR,1,0,0.0
POODLE MIN/CAVALIER SPAN,1,0,0.0
REX,1,0,0.0
RABBIT LH/MIX,1,1,100.0
BLUETICK HOUND/AUST CATTLE DOG,1,0,0.0
BLUETICK HOUND,1,0,0.0
BLOODHOUND/MIX,1,0,0.0
CAIRN TERRIER/BELG MALINOIS,1,0,0.0
BELG MALINOIS/LABRADOR RETR,1,1,100.0
BELG MALINOIS/GERM SHEPHERD,1,0,0.0
BEARDED COLLIE/MIX,1,0,0.0
BOXER/ST BERNARD SMTH,1,0,0.0
BORDER TERRIER/POODLE MIN,1,0,0.0
BORDER COLLIE/CHIHUAHUA SH,1,0,0.0
QUAIL,1,0,0.0
PUG/YORKSHIRE TERR,1,0,0.0
SCHNAUZER STAND/MIX,1,0,0.0
SCHNAUZER STAND,1,0,0.0
SCHNAUZER MIN/WELSH TERRIER,1,0,0.0
SATIN,1,0,0.0
SAMOYED/MIX,1,1,100.0
BASENJI/MIX,1,0,0.0
AUST TERRIER/CAIRN TERRIER,1,0,0.0
AUST SHEPHERD/SIBERIAN HUSKY,1,1,100.0
BLACK/TAN HOUND/TR WALKER HOUND,1,0,0.0
BLACK/TAN HOUND,1,0,0.0
BLACK MOUTH CUR,1,0,0.0
BERNESE MTN DOG,1,0,0.0
BENGAL/AMER CURL SH,1,0,0.0
BENGAL,1,1,100.0
BELG TERVUREN,1,1,100.0
ROTTWEILER/PIT BULL,1,0,0.0
ROTTWEILER/GERM SHEPHERD,1,0,0.0
SIBERIAN HUSKY/CHIHUAHUA SH,1,0,0.0
SIBERIAN HUSKY/BORDER COLLIE,1,0,0.0
SHIH TZU/POODLE MIN,1,0,0.0
SHIH TZU/CHIHUAHUA LH,1,0,0.0
SHIBA INU/MIX,1,0,0.0
BEARDED COLLIE/LABRADOR RETR,1,1,100.0
BEAGLE/PUG,1,1,100.0
BEAGLE/PARSON RUSS TER,1,1,100.0
BEAGLE/LABRADOR RETR,1,0,0.0
BEAGLE/ENG COCKER SPAN,1,0,0.0
BEAGLE/CHINESE SHARPEI,1,0,0.0
SHIBA INU/BASENJI,1,0,0.0
SHIBA INU,1,0,0.0
SHETLD SHEEPDOG/MIX,1,0,0.0
SWAN,1,1,100.0
STAFFORDSHIRE/BULLDOG,1,0,0.0
ST BERNARD RGH,1,0,0.0
SQUIRREL,1,0,0.0
SPHYNX,1,0,0.0
SNOWSHOE/SIAMESE,1,0,0.0
SNOWSHOE/MIX,1,1,100.0
SNOWSHOE,1,1,100.0
TIBETAN SPAN,1,0,0.0
TERRIER & MIX,1,0,0.0
TENN TR BRINDLE/MIX,1,1,100.0
AUST SHEPHERD/AMERICAN STAFF,1,0,0.0
AUST KELPIE,1,1,100.0
AUST CATTLE DOG/PIT BULL,1,0,0.0
AUST CATTLE DOG/GERM SHEPHERD,1,0,0.0
SILKY TERRIER,1,1,100.0
SILKIE,1,1,100.0
SIBERIAN HUSKY/MASTIFF,1,0,0.0
YORKSHIRE TERR/CHIHUAHUA SH,1,0,0.0
WOLF HYBRID/MIX,1,0,0.0
WHIPPET/MIX,1,1,100.0
WEST HIGHLAND/SIBERIAN HUSKY,1,1,100.0
WEST HIGHLAND,1,0,0.0
WELSH TERRIER,1,0,0.0
AKITA/GERM SHEPHERD,1,0,0.0
ABYSSINIAN/MIX,1,1,100.0
ALASKAN HUSKY/AUST KELPIE,1,1,100.0
ABYSSINIAN/DOMESTIC SH,1,1,100.0
YORKSHIRE TERR/POODLE MIN,1,0,0.0
