source_row_number,type,date_of_birth,intake_date,age_years_for_review,issue
667,CAT,2023-05-04T00:00:00.000,2023-04-22,-0.03285420944558522,Birth date after arrival
668,CAT,2023-05-04T00:00:00.000,2023-04-22,-0.03285420944558522,Birth date after arrival
669,CAT,2023-05-04T00:00:00.000,2023-04-22,-0.03285420944558522,Birth date after arrival
670,CAT,2023-05-04T00:00:00.000,2023-04-22,-0.03285420944558522,Birth date after arrival
671,CAT,2023-05-04T00:00:00.000,2023-04-22,-0.03285420944558522,Birth date after arrival
3018,DOG,2024-03-21T00:00:00.000,2024-03-13,-0.02190280629705681,Birth date after arrival
3019,DOG,2024-03-21T00:00:00.000,2024-03-13,-0.02190280629705681,Birth date after arrival
3020,DOG,2024-03-21T00:00:00.000,2024-03-13,-0.02190280629705681,Birth date after arrival
3021,DOG,2024-03-21T00:00:00.000,2024-03-13,-0.02190280629705681,Birth date after arrival
3023,DOG,2024-03-21T00:00:00.000,2024-03-13,-0.02190280629705681,Birth date after arrival
5789,CAT,2025-04-09T00:00:00.000,2025-04-07,-0.0054757015742642025,Birth date after arrival
